{"image":"https://s.gr-assets.com/assets/nophoto/book/111x148-bcc042a9c91a29c1d680899eff700a03.png","average_rating_rounded":4,"books_count":85,"original_title":"The Sweetness at the Bottom of the Pie","image_medium":"https://s.gr-assets.com/assets/nophoto/book/111x148-bcc042a9c91a29c1d680899eff700a03.png","isbn":"385342306","average_rating":3.81,"original_publication_year":2009,"title":"The Sweetness at the Bottom of the Pie (Flavia de Luce, #1)","language_code":"eng","id":1024,"ratings_count":99841,"original_series":"Flavia de Luce","authors":"Alan Bradley","_id":"3z7tXXEBhDwVijd94l2Y"}