{"image":"https://s.gr-assets.com/assets/nophoto/book/111x148-bcc042a9c91a29c1d680899eff700a03.png","average_rating_rounded":4,"books_count":83,"original_title":"Career of Evil","image_medium":"https://s.gr-assets.com/assets/nophoto/book/111x148-bcc042a9c91a29c1d680899eff700a03.png","isbn":"316349933","average_rating":4.21,"original_publication_year":2015,"title":"Career of Evil (Cormoran Strike, #3)","language_code":"eng","id":1065,"ratings_count":66979,"original_series":"Cormoran Strike","authors":"Robert Galbraith, J.K. Rowling","_id":"sj7tXXEBhDwVijd94l2Y"}