{"image":"https://s.gr-assets.com/assets/nophoto/book/111x148-bcc042a9c91a29c1d680899eff700a03.png","average_rating_rounded":4,"books_count":942,"original_title":"Aesopica","image_medium":"https://s.gr-assets.com/assets/nophoto/book/111x148-bcc042a9c91a29c1d680899eff700a03.png","isbn":"192840509","average_rating":4.05,"original_publication_year":-560,"title":"Aesop's Fables","language_code":"eng","id":1120,"ratings_count":88508,"original_series":"","authors":"Aesop, Laura Harris, Laura Gibbs","_id":"dD7tXXEBhDwVijd94l2Y"}