{"image":"https://s.gr-assets.com/assets/nophoto/book/111x148-bcc042a9c91a29c1d680899eff700a03.png","average_rating_rounded":4,"books_count":155,"original_title":"Cannery Row","image_medium":"https://s.gr-assets.com/assets/nophoto/book/111x148-bcc042a9c91a29c1d680899eff700a03.png","isbn":"014200068X","average_rating":4.02,"original_publication_year":1945,"title":"Cannery Row","language_code":"eng","id":1161,"ratings_count":81598,"original_series":"","authors":"John Steinbeck","_id":"Rz7tXXEBhDwVijd94l2Y"}