{"image":"https://images.gr-assets.com/books/1329319988l/13486122.jpg","average_rating_rounded":4,"books_count":50,"original_title":"The Marriage Bargain","image_medium":"https://images.gr-assets.com/books/1329319988m/13486122.jpg","isbn":"1937044963","average_rating":3.81,"original_publication_year":2012,"title":"The Marriage Bargain (Marriage to a Billionaire, #1)","language_code":"eng","id":1209,"ratings_count":91630,"original_series":"Marriage to a Billionaire","authors":"Jennifer Probst","_id":"Ej7tXXEBhDwVijd94l2Y"}