{"image":"https://images.gr-assets.com/books/1320706187l/131123.jpg","average_rating_rounded":4,"books_count":75,"original_title":"The Austere Academy","image_medium":"https://images.gr-assets.com/books/1320706187m/131123.jpg","isbn":"64408639","average_rating":3.97,"original_publication_year":2000,"title":"The Austere Academy (A Series of Unfortunate Events, #5)","language_code":"eng","id":1225,"ratings_count":99311,"original_series":"A Series of Unfortunate Events","authors":"Lemony Snicket, Brett Helquist","_id":"AD7tXXEBhDwVijd94l2Y"}