{"image":"https://images.gr-assets.com/books/1352066958l/150037.jpg","average_rating_rounded":4,"books_count":62,"original_title":"The Vile Village","image_medium":"https://images.gr-assets.com/books/1352066958m/150037.jpg","isbn":"60566221","average_rating":3.94,"original_publication_year":2001,"title":"The Vile Village (A Series of Unfortunate Events, #7)","language_code":"eng","id":1233,"ratings_count":89733,"original_series":"A Series of Unfortunate Events","authors":"Lemony Snicket, Brett Helquist","_id":"9z7tXXEBhDwVijd94lyY"}