{"image":"https://images.gr-assets.com/books/1318523719l/1237398.jpg","average_rating_rounded":4,"books_count":46,"original_title":"One Piece, Volume 01","image_medium":"https://images.gr-assets.com/books/1318523719m/1237398.jpg","isbn":"1569319014","average_rating":4.42,"original_publication_year":1997,"title":"One Piece, Volume 01: Romance Dawn (One Piece, #1)","language_code":"eng","id":1321,"ratings_count":67047,"original_series":"One Piece","authors":"Eiichirō Oda, Andy Nakatani","_id":"lj7tXXEBhDwVijd94lyY"}