{"image":"https://images.gr-assets.com/books/1332046095l/7823678.jpg","average_rating_rounded":4,"books_count":71,"original_title":"The Ugly Truth","image_medium":"https://images.gr-assets.com/books/1332046095m/7823678.jpg","isbn":"810984911","average_rating":4.16,"original_publication_year":2010,"title":"The Ugly Truth (Diary of a Wimpy Kid, #5)","language_code":"en-US","id":1376,"ratings_count":68701,"original_series":"Diary of a Wimpy Kid","authors":"Jeff Kinney","_id":"Xj7tXXEBhDwVijd94lyY"}