{"image":"https://images.gr-assets.com/books/1472782916l/9460487.jpg","average_rating_rounded":4,"books_count":155,"original_title":"Miss Peregrine’s Home for Peculiar Children","image_medium":"https://images.gr-assets.com/books/1472782916m/9460487.jpg","isbn":"1594744769","average_rating":3.89,"original_publication_year":2011,"title":"Miss Peregrine’s Home for Peculiar Children (Miss Peregrine’s Peculiar Children, #1)","language_code":"en-US","id":139,"ratings_count":613674,"original_series":"Miss Peregrine’s Peculiar Children","authors":"Ransom Riggs","_id":"UT7tXXEBhDwVijd94lyY"}