{"image":"https://s.gr-assets.com/assets/nophoto/book/111x148-bcc042a9c91a29c1d680899eff700a03.png","average_rating_rounded":4,"books_count":73,"original_title":"The Burning Bridge","image_medium":"https://s.gr-assets.com/assets/nophoto/book/111x148-bcc042a9c91a29c1d680899eff700a03.png","isbn":"399244557","average_rating":4.28,"original_publication_year":2005,"title":"The Burning Bridge (Ranger's Apprentice, #2)","language_code":"en-US","id":1399,"ratings_count":74156,"original_series":"Ranger's Apprentice","authors":"John Flanagan","_id":"Rz7tXXEBhDwVijd94lyY"}