{"image":"https://s.gr-assets.com/assets/nophoto/book/111x148-bcc042a9c91a29c1d680899eff700a03.png","average_rating_rounded":4,"books_count":255,"original_title":"The Pillars of the Earth","image_medium":"https://s.gr-assets.com/assets/nophoto/book/111x148-bcc042a9c91a29c1d680899eff700a03.png","isbn":"451207149","average_rating":4.29,"original_publication_year":1989,"title":"The Pillars of the Earth (The Kingsbridge Series, #1)","language_code":"eng","id":142,"ratings_count":462517,"original_series":"The Kingsbridge Series","authors":"Ken Follett","_id":"MD7tXXEBhDwVijd94lyY"}