{"image":"https://images.gr-assets.com/books/1349205573l/15819028.jpg","average_rating_rounded":4,"books_count":51,"original_title":"The Golem and the Jinni","image_medium":"https://images.gr-assets.com/books/1349205573m/15819028.jpg","isbn":"62110837","average_rating":4.1,"original_publication_year":2013,"title":"The Golem and the Jinni (The Golem and the Jinni, #1)","language_code":"eng","id":1474,"ratings_count":59650,"original_series":"The Golem and the Jinni","authors":"Helene Wecker","_id":"BrDtXXEB2-YohfeSyszl"}