{"image":"https://images.gr-assets.com/books/1451351509l/21413662.jpg","average_rating_rounded":4,"books_count":59,"original_title":"What If?: Serious Scientific Answers to Absurd Hypothetical Questions","image_medium":"https://images.gr-assets.com/books/1451351509m/21413662.jpg","isbn":"544272994","average_rating":4.17,"original_publication_year":2014,"title":"What If?: Serious Scientific Answers to Absurd Hypothetical Questions","language_code":"eng","id":1527,"ratings_count":60236,"original_series":"","authors":"Randall Munroe","_id":"zbDtXXEB2-YohfeSysvl"}