{"image":"https://s.gr-assets.com/assets/nophoto/book/111x148-bcc042a9c91a29c1d680899eff700a03.png","average_rating_rounded":4,"books_count":75,"original_title":"Gregor the Overlander","image_medium":"https://s.gr-assets.com/assets/nophoto/book/111x148-bcc042a9c91a29c1d680899eff700a03.png","isbn":"043977134X","average_rating":3.99,"original_publication_year":2003,"title":"Gregor the Overlander (Underland Chronicles, #1)","language_code":"eng","id":1531,"ratings_count":66823,"original_series":"Underland Chronicles","authors":"Suzanne Collins","_id":"yLDtXXEB2-YohfeSysvl"}