{"image":"https://s.gr-assets.com/assets/nophoto/book/111x148-bcc042a9c91a29c1d680899eff700a03.png","average_rating_rounded":4,"books_count":45,"original_title":"The Electric Kool-Aid Acid Test","image_medium":"https://s.gr-assets.com/assets/nophoto/book/111x148-bcc042a9c91a29c1d680899eff700a03.png","isbn":"553380648","average_rating":3.92,"original_publication_year":1968,"title":"The Electric Kool-Aid Acid Test","language_code":"en-US","id":1570,"ratings_count":54848,"original_series":"","authors":"Tom Wolfe","_id":"nrDtXXEB2-YohfeSysvl"}