{"image":"https://s.gr-assets.com/assets/nophoto/book/111x148-bcc042a9c91a29c1d680899eff700a03.png","average_rating_rounded":4,"books_count":93,"original_title":"Everything's Eventual: 14 Dark Tales","image_medium":"https://s.gr-assets.com/assets/nophoto/book/111x148-bcc042a9c91a29c1d680899eff700a03.png","isbn":"1416524355","average_rating":3.94,"original_publication_year":2002,"title":"Everything's Eventual: 14 Dark Tales","language_code":"eng","id":1589,"ratings_count":60932,"original_series":"","authors":"Stephen King","_id":"irDtXXEB2-YohfeSysvl"}