{"image":"https://images.gr-assets.com/books/1459567327l/95617.jpg","average_rating_rounded":5,"books_count":36,"original_title":"A Voice in the Wind","image_medium":"https://images.gr-assets.com/books/1459567327m/95617.jpg","isbn":"842377506","average_rating":4.6,"original_publication_year":1993,"title":"A Voice in the Wind (Mark of the Lion, #1)","language_code":"en-US","id":1618,"ratings_count":55556,"original_series":"Mark of the Lion","authors":"Francine Rivers, Richard Ferrone","_id":"abDtXXEB2-YohfeSysvk"}