{"image":"https://s.gr-assets.com/assets/nophoto/book/111x148-bcc042a9c91a29c1d680899eff700a03.png","average_rating_rounded":4,"books_count":798,"original_title":"A Connecticut Yankee in King Arthur's Court","image_medium":"https://s.gr-assets.com/assets/nophoto/book/111x148-bcc042a9c91a29c1d680899eff700a03.png","isbn":"1416534733","average_rating":3.76,"original_publication_year":1889,"title":"A Connecticut Yankee in King Arthur's Court","language_code":"eng","id":1622,"ratings_count":50112,"original_series":"","authors":"Mark Twain","_id":"ZbDtXXEB2-YohfeSysvk"}