{"image":"https://images.gr-assets.com/books/1320396250l/2402971.jpg","average_rating_rounded":4,"books_count":69,"original_title":"The Magician: The Secrets of The Immortal Nicholas Flamel","image_medium":"https://images.gr-assets.com/books/1320396250m/2402971.jpg","isbn":"385733585","average_rating":4.09,"original_publication_year":2008,"title":"The Magician (The Secrets of the Immortal Nicholas Flamel, #2)","language_code":"eng","id":1634,"ratings_count":67539,"original_series":"The Secrets of the Immortal Nicholas Flamel","authors":"Michael Scott","_id":"WbDtXXEB2-YohfeSysvk"}