{"image":"https://s.gr-assets.com/assets/nophoto/book/111x148-bcc042a9c91a29c1d680899eff700a03.png","average_rating_rounded":4,"books_count":18,"original_title":"The Book of Ruth","image_medium":"https://s.gr-assets.com/assets/nophoto/book/111x148-bcc042a9c91a29c1d680899eff700a03.png","isbn":"385265700","average_rating":3.82,"original_publication_year":1988,"title":"The Book of Ruth","language_code":"en-US","id":1675,"ratings_count":56842,"original_series":"","authors":"Jane Hamilton","_id":"LLDtXXEB2-YohfeSysvk"}