{"image":"https://images.gr-assets.com/books/1393784912l/160629.jpg","average_rating_rounded":4,"books_count":109,"original_title":"A Bear Called Paddington","image_medium":"https://images.gr-assets.com/books/1393784912m/160629.jpg","isbn":"7174160","average_rating":4.21,"original_publication_year":1958,"title":"A Bear Called Paddington (Paddington, #1)","language_code":"eng","id":1823,"ratings_count":62590,"original_series":"Paddington","authors":"Michael Bond, Peggy Fortnum","_id":"jrDtXXEB2-YohfeSysrk"}