{"image":"https://images.gr-assets.com/books/1359082264l/4008.jpg","average_rating_rounded":4,"books_count":165,"original_title":"O Demônio e a Srta. Prym","image_medium":"https://images.gr-assets.com/books/1359082264m/4008.jpg","isbn":"60527994","average_rating":3.59,"original_publication_year":2000,"title":"The Devil and Miss Prym (On the Seventh Day, #3)","language_code":"eng","id":1835,"ratings_count":42286,"original_series":"On the Seventh Day","authors":"Paulo Coelho, Amanda Hopkinson, Nick Caistor","_id":"gbDtXXEB2-YohfeSysrk"}