{"image":"https://images.gr-assets.com/books/1398253847l/216443.jpg","average_rating_rounded":4,"books_count":73,"original_title":"Heir to the Empire","image_medium":"https://images.gr-assets.com/books/1398253847m/216443.jpg","isbn":"553296124","average_rating":4.12,"original_publication_year":1991,"title":"Heir to the Empire (Star Wars: The Thrawn Trilogy #1)","language_code":"eng","id":1862,"ratings_count":50300,"original_series":"Star Wars: The Thrawn Trilogy ","authors":"Timothy Zahn","_id":"Y7DtXXEB2-YohfeSysrk"}