{"image":"https://images.gr-assets.com/books/1404247131l/401514.jpg","average_rating_rounded":4,"books_count":56,"original_title":"Alive: The Story of the Andes Survivors","image_medium":"https://images.gr-assets.com/books/1404247131m/401514.jpg","isbn":"038000321X","average_rating":4.08,"original_publication_year":1974,"title":"Alive: The Story of the Andes Survivors","language_code":"eng","id":1927,"ratings_count":49300,"original_series":"","authors":"Piers Paul Read","_id":"HbDtXXEB2-YohfeSysrk"}