{"image":"https://images.gr-assets.com/books/1388194052l/59810.jpg","average_rating_rounded":4,"books_count":57,"original_title":"Jewels of the Sun","image_medium":"https://images.gr-assets.com/books/1388194052m/59810.jpg","isbn":"515126772","average_rating":4.22,"original_publication_year":1999,"title":"Jewels of the Sun (Gallaghers of Ardmore, #1)","language_code":"en-US","id":1966,"ratings_count":50630,"original_series":"Gallaghers of Ardmore","authors":"Nora Roberts","_id":"87DtXXEB2-YohfeSysnk"}