{"image":"https://images.gr-assets.com/books/1468560853l/301082.jpg","average_rating_rounded":4,"books_count":109,"original_title":"Dead Until Dark","image_medium":"https://images.gr-assets.com/books/1468560853m/301082.jpg","isbn":"441008534","average_rating":3.96,"original_publication_year":2001,"title":"Dead Until Dark (Sookie Stackhouse, #1)","language_code":"en-US","id":197,"ratings_count":420764,"original_series":"Sookie Stackhouse","authors":"Charlaine Harris","_id":"77DtXXEB2-YohfeSysnk"}