{"image":"https://s.gr-assets.com/assets/nophoto/book/111x148-bcc042a9c91a29c1d680899eff700a03.png","average_rating_rounded":4,"books_count":53,"original_title":"Soul of the Fire","image_medium":"https://s.gr-assets.com/assets/nophoto/book/111x148-bcc042a9c91a29c1d680899eff700a03.png","isbn":"812551494","average_rating":3.87,"original_publication_year":1999,"title":"Soul of the Fire (Sword of Truth, #5)","language_code":"eng","id":1989,"ratings_count":48632,"original_series":"Sword of Truth","authors":"Terry Goodkind","_id":"2rDtXXEB2-YohfeSysnk"}