{"image":"https://images.gr-assets.com/books/1330649655l/13507212.jpg","average_rating_rounded":4,"books_count":86,"original_title":"Bring Up the Bodies","image_medium":"https://images.gr-assets.com/books/1330649655m/13507212.jpg","isbn":"805090037","average_rating":4.26,"original_publication_year":2012,"title":"Bring Up the Bodies (Thomas Cromwell, #2)","language_code":"en-US","id":2018,"ratings_count":42306,"original_series":"Thomas Cromwell","authors":"Hilary Mantel","_id":"uLDtXXEB2-YohfeSysnk"}