{"image":"https://s.gr-assets.com/assets/nophoto/book/111x148-bcc042a9c91a29c1d680899eff700a03.png","average_rating_rounded":4,"books_count":30,"original_title":"Bloodsucking Fiends","image_medium":"https://s.gr-assets.com/assets/nophoto/book/111x148-bcc042a9c91a29c1d680899eff700a03.png","isbn":"60735414","average_rating":3.93,"original_publication_year":1995,"title":"Bloodsucking Fiends (A Love Story, #1)","language_code":"eng","id":2034,"ratings_count":48520,"original_series":"A Love Story","authors":"Christopher Moore","_id":"prDtXXEB2-YohfeSysnk"}