{"image":"https://s.gr-assets.com/assets/nophoto/book/111x148-bcc042a9c91a29c1d680899eff700a03.png","average_rating_rounded":4,"books_count":48,"original_title":"The Boy Next Door (Boy #1)","image_medium":"https://s.gr-assets.com/assets/nophoto/book/111x148-bcc042a9c91a29c1d680899eff700a03.png","isbn":"60845546","average_rating":3.83,"original_publication_year":2002,"title":"The Boy Next Door (Boy, #1)","language_code":"eng","id":2075,"ratings_count":50953,"original_series":"Boy","authors":"Meg Cabot","_id":"e7DtXXEB2-YohfeSysnk"}