{"image":"https://images.gr-assets.com/books/1357242702l/12820793.jpg","average_rating_rounded":4,"books_count":31,"original_title":"The Oath of the Vayuputras","image_medium":"https://images.gr-assets.com/books/1357242702m/12820793.jpg","isbn":"9382618341","average_rating":3.66,"original_publication_year":2013,"title":"The Oath of the Vayuputras (Shiva Trilogy, #3)","language_code":"eng","id":2171,"ratings_count":35936,"original_series":"Shiva Trilogy","authors":"Amish Tripathi","_id":"F7DtXXEB2-YohfeSysnk"}