{"image":"https://s.gr-assets.com/assets/nophoto/book/111x148-bcc042a9c91a29c1d680899eff700a03.png","average_rating_rounded":4,"books_count":47,"original_title":"Pigs in Heaven","image_medium":"https://s.gr-assets.com/assets/nophoto/book/111x148-bcc042a9c91a29c1d680899eff700a03.png","isbn":"571171788","average_rating":3.97,"original_publication_year":1993,"title":"Pigs in Heaven","language_code":"eng","id":2188,"ratings_count":43374,"original_series":"","authors":"Barbara Kingsolver","_id":"BbDtXXEB2-YohfeSysnk"}