{"image":"https://s.gr-assets.com/assets/nophoto/book/111x148-bcc042a9c91a29c1d680899eff700a03.png","average_rating_rounded":4,"books_count":48,"original_title":"The Pillars of Creation","image_medium":"https://s.gr-assets.com/assets/nophoto/book/111x148-bcc042a9c91a29c1d680899eff700a03.png","isbn":"765340747","average_rating":3.67,"original_publication_year":2001,"title":"The Pillars of Creation (Sword of Truth, #7)","language_code":"en-GB","id":2219,"ratings_count":43424,"original_series":"Sword of Truth","authors":"Terry Goodkind","_id":"5LDtXXEB2-YohfeSysjk"}