{"image":"https://s.gr-assets.com/assets/nophoto/book/111x148-bcc042a9c91a29c1d680899eff700a03.png","average_rating_rounded":4,"books_count":81,"original_title":"The Eagle Has Landed","image_medium":"https://s.gr-assets.com/assets/nophoto/book/111x148-bcc042a9c91a29c1d680899eff700a03.png","isbn":"140273344","average_rating":4.15,"original_publication_year":1975,"title":"The Eagle Has Landed (Liam Devlin, #1)","language_code":"","id":2223,"ratings_count":41677,"original_series":"Liam Devlin","authors":"Jack Higgins","_id":"37DtXXEB2-YohfeSysjk"}