{"image":"https://s.gr-assets.com/assets/nophoto/book/111x148-bcc042a9c91a29c1d680899eff700a03.png","average_rating_rounded":4,"books_count":240,"original_title":"The ABC Murders","image_medium":"https://s.gr-assets.com/assets/nophoto/book/111x148-bcc042a9c91a29c1d680899eff700a03.png","isbn":"1579126243","average_rating":3.97,"original_publication_year":1936,"title":"The A.B.C. Murders (Hercule Poirot, #13)","language_code":"eng","id":2235,"ratings_count":49513,"original_series":"Hercule Poirot","authors":"Agatha Christie","_id":"0rDtXXEB2-YohfeSysjk"}