{"image":"https://s.gr-assets.com/assets/nophoto/book/111x148-bcc042a9c91a29c1d680899eff700a03.png","average_rating_rounded":4,"books_count":123,"original_title":"Ostatnie życzenie","image_medium":"https://s.gr-assets.com/assets/nophoto/book/111x148-bcc042a9c91a29c1d680899eff700a03.png","isbn":"575077832","average_rating":4.2,"original_publication_year":1993,"title":"The Last Wish (The Witcher, #1)","language_code":"eng","id":2258,"ratings_count":36262,"original_series":"The Witcher","authors":"Andrzej Sapkowski","_id":"vLDtXXEB2-YohfeSysjk"}