{"image":"https://s.gr-assets.com/assets/nophoto/book/111x148-bcc042a9c91a29c1d680899eff700a03.png","average_rating_rounded":4,"books_count":29,"original_title":"Skinny Legs and All","image_medium":"https://s.gr-assets.com/assets/nophoto/book/111x148-bcc042a9c91a29c1d680899eff700a03.png","isbn":"1842430343","average_rating":4.03,"original_publication_year":1990,"title":"Skinny Legs and All","language_code":"","id":2274,"ratings_count":32991,"original_series":"","authors":"Tom Robbins","_id":"qrDtXXEB2-YohfeSysjk"}