{"image":"https://s.gr-assets.com/assets/nophoto/book/111x148-bcc042a9c91a29c1d680899eff700a03.png","average_rating_rounded":4,"books_count":437,"original_title":"Metamorphoses","image_medium":"https://s.gr-assets.com/assets/nophoto/book/111x148-bcc042a9c91a29c1d680899eff700a03.png","isbn":"014044789X","average_rating":4.03,"original_publication_year":8,"title":"Metamorphoses","language_code":"eng","id":2366,"ratings_count":42590,"original_series":"","authors":"Ovid, David Raeburn, Denis Feeney","_id":"RrDtXXEB2-YohfeSsMji"}