{"image":"https://images.gr-assets.com/books/1171253283l/93263.jpg","average_rating_rounded":4,"books_count":2,"original_title":"The Legend of Sleepy Hollow","image_medium":"https://images.gr-assets.com/books/1171253283m/93263.jpg","isbn":"1582404119","average_rating":3.96,"original_publication_year":1993,"title":"The Legend of Sleepy Hollow (Graphic Novel)","language_code":"eng","id":2370,"ratings_count":43183,"original_series":"Graphic Novel","authors":"Bo Hampton, Tracey Hampton, Washington Irving","_id":"QbDtXXEB2-YohfeSsMji"}