{"image":"https://s.gr-assets.com/assets/nophoto/book/111x148-bcc042a9c91a29c1d680899eff700a03.png","average_rating_rounded":4,"books_count":58,"original_title":"Scorpia","image_medium":"https://s.gr-assets.com/assets/nophoto/book/111x148-bcc042a9c91a29c1d680899eff700a03.png","isbn":"142405787","average_rating":4.16,"original_publication_year":2004,"title":"Scorpia (Alex Rider, #5)","language_code":"eng","id":2389,"ratings_count":44197,"original_series":"Alex Rider","authors":"Anthony Horowitz","_id":"LrDtXXEB2-YohfeSsMji"}