{"image":"https://s.gr-assets.com/assets/nophoto/book/111x148-bcc042a9c91a29c1d680899eff700a03.png","average_rating_rounded":4,"books_count":25,"original_title":"Chrysanthemum","image_medium":"https://s.gr-assets.com/assets/nophoto/book/111x148-bcc042a9c91a29c1d680899eff700a03.png","isbn":"688147321","average_rating":4.31,"original_publication_year":1991,"title":"Chrysanthemum","language_code":"en-US","id":2409,"ratings_count":43520,"original_series":"","authors":"Kevin Henkes","_id":"F7DtXXEB2-YohfeSsMji"}