{"image":"https://s.gr-assets.com/assets/nophoto/book/111x148-bcc042a9c91a29c1d680899eff700a03.png","average_rating_rounded":4,"books_count":54,"original_title":"Picture Perfect","image_medium":"https://s.gr-assets.com/assets/nophoto/book/111x148-bcc042a9c91a29c1d680899eff700a03.png","isbn":"425185508","average_rating":3.52,"original_publication_year":1995,"title":"Picture Perfect","language_code":"en-GB","id":2433,"ratings_count":41631,"original_series":"","authors":"Jodi Picoult","_id":"_rDtXXEB2-YohfeSsMfi"}