{"image":"https://images.gr-assets.com/books/1358701476l/444304.jpg","average_rating_rounded":4,"books_count":4,"original_title":"The Field Guide","image_medium":"https://images.gr-assets.com/books/1358701476m/444304.jpg","isbn":"689859368","average_rating":3.85,"original_publication_year":2003,"title":"The Field Guide (The Spiderwick Chronicles, #1)","language_code":"eng","id":2472,"ratings_count":56913,"original_series":"The Spiderwick Chronicles","authors":"Holly Black, Tony DiTerlizzi","_id":"07DtXXEB2-YohfeSsMfi"}