{"image":"https://s.gr-assets.com/assets/nophoto/book/111x148-bcc042a9c91a29c1d680899eff700a03.png","average_rating_rounded":4,"books_count":57,"original_title":"The 21 Irrefutable Laws of Leadership","image_medium":"https://s.gr-assets.com/assets/nophoto/book/111x148-bcc042a9c91a29c1d680899eff700a03.png","isbn":"785274316","average_rating":4.12,"original_publication_year":1998,"title":"The 21 Irrefutable Laws of Leadership: Follow Them and People Will Follow You","language_code":"eng","id":2560,"ratings_count":30255,"original_series":"","authors":"John C. Maxwell, Zig Ziglar","_id":"crDtXXEB2-YohfeSsMfi"}