{"image":"https://images.gr-assets.com/books/1359073239l/16117506.jpg","average_rating_rounded":4,"books_count":40,"original_title":"Beautiful Stranger","image_medium":"https://images.gr-assets.com/books/1359073239m/16117506.jpg","isbn":"1476731535","average_rating":4.24,"original_publication_year":2013,"title":"Beautiful Stranger (Beautiful Bastard, #2)","language_code":"eng","id":2576,"ratings_count":55764,"original_series":"Beautiful Bastard","authors":"Christina Lauren","_id":"Y7DtXXEB2-YohfeSsMfi"}