{"image":"https://s.gr-assets.com/assets/nophoto/book/111x148-bcc042a9c91a29c1d680899eff700a03.png","average_rating_rounded":4,"books_count":48,"original_title":"The Woman Who Rides Like a Man","image_medium":"https://s.gr-assets.com/assets/nophoto/book/111x148-bcc042a9c91a29c1d680899eff700a03.png","isbn":"689878583","average_rating":4.2,"original_publication_year":1986,"title":"The Woman Who Rides Like a Man (Song of the Lioness, #3)","language_code":"en-US","id":2608,"ratings_count":53413,"original_series":"Song of the Lioness","authors":"Tamora Pierce","_id":"QbDtXXEB2-YohfeSsMfi"}