{"image":"https://images.gr-assets.com/books/1320560971l/112803.jpg","average_rating_rounded":4,"books_count":208,"original_title":"An Autobiography or The Story of My Experiments with Truth","image_medium":"https://images.gr-assets.com/books/1320560971m/112803.jpg","isbn":"807059099","average_rating":4.07,"original_publication_year":1940,"title":"The Story of My Experiments With Truth","language_code":"eng","id":2649,"ratings_count":28177,"original_series":"","authors":"Mahatma Gandhi","_id":"FrDtXXEB2-YohfeSsMfi"}