{"image":"https://images.gr-assets.com/books/1360904964l/17333880.jpg","average_rating_rounded":4,"books_count":30,"original_title":"Twisted Perfection (Perfection, #1)","image_medium":"https://images.gr-assets.com/books/1360904964m/17333880.jpg","isbn":"","average_rating":4.26,"original_publication_year":2013,"title":"Twisted Perfection (Rosemary Beach, #5; Perfection, #1)","language_code":"eng","id":2665,"ratings_count":57408,"original_series":"Rosemary Beach","authors":"Abbi Glines","_id":"BrDtXXEB2-YohfeSsMfi"}