{"image":"https://s.gr-assets.com/assets/nophoto/book/111x148-bcc042a9c91a29c1d680899eff700a03.png","average_rating_rounded":4,"books_count":59,"original_title":"Rainbow Six","image_medium":"https://s.gr-assets.com/assets/nophoto/book/111x148-bcc042a9c91a29c1d680899eff700a03.png","isbn":"425170349","average_rating":4.07,"original_publication_year":1998,"title":"Rainbow Six (Jack Ryan Universe, #10)","language_code":"en-US","id":2673,"ratings_count":35278,"original_series":"Jack Ryan Universe","authors":"Tom Clancy","_id":"_bDtXXEB2-YohfeSsMbi"}