{"image":"https://s.gr-assets.com/assets/nophoto/book/111x148-bcc042a9c91a29c1d680899eff700a03.png","average_rating_rounded":4,"books_count":210,"original_title":"Autobiography of a Yogi","image_medium":"https://s.gr-assets.com/assets/nophoto/book/111x148-bcc042a9c91a29c1d680899eff700a03.png","isbn":"876120834","average_rating":4.22,"original_publication_year":1946,"title":"Autobiography of a Yogi","language_code":"en-US","id":2720,"ratings_count":26713,"original_series":"","authors":"Paramahansa Yogananda","_id":"y7DtXXEB2-YohfeSsMbi"}