{"image":"https://s.gr-assets.com/assets/nophoto/book/111x148-bcc042a9c91a29c1d680899eff700a03.png","average_rating_rounded":4,"books_count":54,"original_title":"Deadhouse Gates","image_medium":"https://s.gr-assets.com/assets/nophoto/book/111x148-bcc042a9c91a29c1d680899eff700a03.png","isbn":"765310023","average_rating":4.25,"original_publication_year":2000,"title":"Deadhouse Gates (The Malazan Book of the Fallen, #2)","language_code":"eng","id":2825,"ratings_count":34042,"original_series":"The Malazan Book of the Fallen","authors":"Steven Erikson","_id":"XLDtXXEB2-YohfeSsMbi"}