{"image":"https://images.gr-assets.com/books/1335994402l/13623012.jpg","average_rating_rounded":4,"books_count":116,"original_title":"El prisionero del cielo","image_medium":"https://images.gr-assets.com/books/1335994402m/13623012.jpg","isbn":"62206281","average_rating":3.96,"original_publication_year":2011,"title":"The Prisoner of Heaven (The Cemetery of Forgotten Books, #3)","language_code":"","id":2833,"ratings_count":27987,"original_series":"The Cemetery of Forgotten Books","authors":"Carlos Ruiz Zafón","_id":"U7DtXXEB2-YohfeSsMbi"}