{"image":"https://s.gr-assets.com/assets/nophoto/book/111x148-bcc042a9c91a29c1d680899eff700a03.png","average_rating_rounded":4,"books_count":20,"original_title":"Knuffle Bunny:  A Cautionary Tale","image_medium":"https://s.gr-assets.com/assets/nophoto/book/111x148-bcc042a9c91a29c1d680899eff700a03.png","isbn":"1844280594","average_rating":4.26,"original_publication_year":2004,"title":"Knuffle Bunny: A Cautionary Tale (Knuffle Bunny, #1)","language_code":"eng","id":2864,"ratings_count":37886,"original_series":"Knuffle Bunny","authors":"Mo Willems","_id":"MrDtXXEB2-YohfeSsMbi"}