{"image":"https://images.gr-assets.com/books/1343185059l/140225.jpg","average_rating_rounded":4,"books_count":299,"original_title":"The Voyage of the Dawn Treader","image_medium":"https://images.gr-assets.com/books/1343185059m/140225.jpg","isbn":"006112527X","average_rating":4.08,"original_publication_year":1951,"title":"The Voyage of the Dawn Treader (Chronicles of Narnia, #3)","language_code":"eng","id":292,"ratings_count":306492,"original_series":"Chronicles of Narnia","authors":"C.S. Lewis, Pauline Baynes","_id":"-7DtXXEB2-YohfeSsMXi"}