{"image":"https://images.gr-assets.com/books/1312279891l/25102.jpg","average_rating_rounded":4,"books_count":33,"original_title":"The Sandman: A Game of You","image_medium":"https://images.gr-assets.com/books/1312279891m/25102.jpg","isbn":"1563890933","average_rating":4.43,"original_publication_year":1993,"title":"A Game of You (The Sandman #5)","language_code":"eng","id":2937,"ratings_count":37211,"original_series":"The Sandman ","authors":"Neil Gaiman, Shawn McManus, Colleen Doran, Bryan Talbot, George Pratt, Stan Woch, Dick Giordano, Todd Klein","_id":"6LDtXXEB2-YohfeSsMXi"}