{"image":"https://s.gr-assets.com/assets/nophoto/book/111x148-bcc042a9c91a29c1d680899eff700a03.png","average_rating_rounded":4,"books_count":78,"original_title":"Vanish","image_medium":"https://s.gr-assets.com/assets/nophoto/book/111x148-bcc042a9c91a29c1d680899eff700a03.png","isbn":"345476980","average_rating":4.13,"original_publication_year":2006,"title":"Vanish (Rizzoli & Isles, #5)","language_code":"en-US","id":3035,"ratings_count":37045,"original_series":"Rizzoli & Isles","authors":"Tess Gerritsen","_id":"hrDtXXEB2-YohfeSsMXi"}