{"image":"https://s.gr-assets.com/assets/nophoto/book/111x148-bcc042a9c91a29c1d680899eff700a03.png","average_rating_rounded":4,"books_count":1,"original_title":"Gone","image_medium":"https://s.gr-assets.com/assets/nophoto/book/111x148-bcc042a9c91a29c1d680899eff700a03.png","isbn":"553588079","average_rating":4.18,"original_publication_year":2006,"title":"Gone (Quincy & Rainie, #5)","language_code":"eng","id":3058,"ratings_count":32568,"original_series":"Quincy & Rainie","authors":"Lisa Gardner","_id":"brDtXXEB2-YohfeSsMXi"}