{"image":"https://images.gr-assets.com/books/1328828013l/2527900.jpg","average_rating_rounded":4,"books_count":46,"original_title":"Nudge: Improving Decisions About Health, Wealth, and Happiness","image_medium":"https://images.gr-assets.com/books/1328828013m/2527900.jpg","isbn":"300122233","average_rating":3.8,"original_publication_year":2008,"title":"Nudge: Improving Decisions About Health, Wealth, and Happiness","language_code":"eng","id":3062,"ratings_count":29552,"original_series":"","authors":"Richard H. Thaler, Cass R. Sunstein","_id":"abDtXXEB2-YohfeSsMXi"}