{"image":"https://images.gr-assets.com/books/1358119149l/16142053.jpg","average_rating_rounded":4,"books_count":24,"original_title":"Going Clear: Scientology, Hollywood, and the Prison of Belief","image_medium":"https://images.gr-assets.com/books/1358119149m/16142053.jpg","isbn":"307700666","average_rating":4.02,"original_publication_year":2013,"title":"Going Clear: Scientology, Hollywood, and the Prison of Belief","language_code":"eng","id":3074,"ratings_count":26117,"original_series":"","authors":"Lawrence Wright","_id":"XLDtXXEB2-YohfeSsMXi"}