{"image":"https://images.gr-assets.com/books/1320424763l/4452257.jpg","average_rating_rounded":4,"books_count":6,"original_title":"The Book of Basketball: The NBA According to The Sports Guy","image_medium":"https://images.gr-assets.com/books/1320424763m/4452257.jpg","isbn":"034551176X","average_rating":4.16,"original_publication_year":2009,"title":"The Book of Basketball: The NBA According to The Sports Guy","language_code":"en-US","id":3222,"ratings_count":24245,"original_series":"","authors":"Bill Simmons","_id":"urDtXXEB2-YohfeSsMTi"}