{"image":"https://s.gr-assets.com/assets/nophoto/book/111x148-bcc042a9c91a29c1d680899eff700a03.png","average_rating_rounded":4,"books_count":62,"original_title":"Farmer Boy","image_medium":"https://s.gr-assets.com/assets/nophoto/book/111x148-bcc042a9c91a29c1d680899eff700a03.png","isbn":"60885386","average_rating":4.05,"original_publication_year":1933,"title":"Farmer Boy (Little House, #3)","language_code":"","id":3234,"ratings_count":39863,"original_series":"Little House","authors":"Laura Ingalls Wilder, Garth Williams","_id":"rbDtXXEB2-YohfeSsMTi"}