{"image":"https://s.gr-assets.com/assets/nophoto/book/111x148-bcc042a9c91a29c1d680899eff700a03.png","average_rating_rounded":4,"books_count":38,"original_title":"Carpe Corpus","image_medium":"https://s.gr-assets.com/assets/nophoto/book/111x148-bcc042a9c91a29c1d680899eff700a03.png","isbn":"451227190","average_rating":4.21,"original_publication_year":2009,"title":"Carpe Corpus (The Morganville Vampires, #6)","language_code":"eng","id":3326,"ratings_count":41536,"original_series":"The Morganville Vampires","authors":"Rachel Caine","_id":"Cj7tXXEBhDwVijd9m1xJ"}