{"image":"https://s.gr-assets.com/assets/nophoto/book/111x148-bcc042a9c91a29c1d680899eff700a03.png","average_rating_rounded":4,"books_count":80,"original_title":"The Winner","image_medium":"https://s.gr-assets.com/assets/nophoto/book/111x148-bcc042a9c91a29c1d680899eff700a03.png","isbn":"446522597","average_rating":4.06,"original_publication_year":1997,"title":"The Winner","language_code":"eng","id":3367,"ratings_count":27904,"original_series":"","authors":"David Baldacci","_id":"3z7tXXEBhDwVijd9m1tJ"}