{"image":"https://s.gr-assets.com/assets/nophoto/book/111x148-bcc042a9c91a29c1d680899eff700a03.png","average_rating_rounded":4,"books_count":107,"original_title":"Absalom, Absalom!","image_medium":"https://s.gr-assets.com/assets/nophoto/book/111x148-bcc042a9c91a29c1d680899eff700a03.png","isbn":"679732187","average_rating":3.96,"original_publication_year":1936,"title":"Absalom, Absalom!","language_code":"eng","id":3388,"ratings_count":30283,"original_series":"","authors":"William Faulkner","_id":"yT7tXXEBhDwVijd9m1tJ"}