{"image":"https://images.gr-assets.com/books/1320918098l/12866426.jpg","average_rating_rounded":4,"books_count":18,"original_title":"Taken at Dusk (Shadow Falls, #3)","image_medium":"https://images.gr-assets.com/books/1320918098m/12866426.jpg","isbn":"312624697","average_rating":4.33,"original_publication_year":2012,"title":"Taken at Dusk (Shadow Falls, #3)","language_code":"eng","id":3424,"ratings_count":36683,"original_series":"Shadow Falls","authors":"C.C. Hunter","_id":"oz7tXXEBhDwVijd9m1tJ"}