{"image":"https://s.gr-assets.com/assets/nophoto/book/111x148-bcc042a9c91a29c1d680899eff700a03.png","average_rating_rounded":4,"books_count":120,"original_title":"The Runaway Jury","image_medium":"https://s.gr-assets.com/assets/nophoto/book/111x148-bcc042a9c91a29c1d680899eff700a03.png","isbn":"385339690","average_rating":3.96,"original_publication_year":1996,"title":"The Runaway Jury","language_code":"eng","id":343,"ratings_count":222712,"original_series":"","authors":"John Grisham","_id":"nj7tXXEBhDwVijd9m1tJ"}