{"image":"https://images.gr-assets.com/books/1401056149l/18143905.jpg","average_rating_rounded":4,"books_count":27,"original_title":"The Opposite of Loneliness","image_medium":"https://images.gr-assets.com/books/1401056149m/18143905.jpg","isbn":"147675361X","average_rating":3.82,"original_publication_year":2014,"title":"The Opposite of Loneliness: Essays and Stories","language_code":"eng","id":3432,"ratings_count":19771,"original_series":"","authors":"Marina Keegan","_id":"mz7tXXEBhDwVijd9m1tJ"}