{"image":"https://s.gr-assets.com/assets/nophoto/book/111x148-bcc042a9c91a29c1d680899eff700a03.png","average_rating_rounded":4,"books_count":55,"original_title":"The Tender Bar: A Memoir","image_medium":"https://s.gr-assets.com/assets/nophoto/book/111x148-bcc042a9c91a29c1d680899eff700a03.png","isbn":"786888768","average_rating":3.93,"original_publication_year":2005,"title":"The Tender Bar","language_code":"eng","id":3561,"ratings_count":23055,"original_series":"","authors":"J.R. Moehringer","_id":"DT7tXXEBhDwVijd9m1tJ"}