{"image":"https://s.gr-assets.com/assets/nophoto/book/111x148-bcc042a9c91a29c1d680899eff700a03.png","average_rating_rounded":4,"books_count":78,"original_title":"The Vampire's Assistant (Cirque du Freak, #2) ","image_medium":"https://s.gr-assets.com/assets/nophoto/book/111x148-bcc042a9c91a29c1d680899eff700a03.png","isbn":"","average_rating":4.12,"original_publication_year":2000,"title":"The Vampire's Assistant (Cirque Du Freak, #2)","language_code":"","id":3577,"ratings_count":29943,"original_series":"Cirque Du Freak","authors":"Darren Shan","_id":"_D7tXXEBhDwVijd9m1pJ"}