{"image":"https://s.gr-assets.com/assets/nophoto/book/111x148-bcc042a9c91a29c1d680899eff700a03.png","average_rating_rounded":4,"books_count":25,"original_title":"Killing Yourself to Live: 85% of a True Story","image_medium":"https://s.gr-assets.com/assets/nophoto/book/111x148-bcc042a9c91a29c1d680899eff700a03.png","isbn":"743264460","average_rating":3.85,"original_publication_year":2005,"title":"Killing Yourself to Live: 85% of a True Story","language_code":"en-US","id":3598,"ratings_count":23015,"original_series":"","authors":"Chuck Klosterman","_id":"5j7tXXEBhDwVijd9m1pJ"}