{"image":"https://images.gr-assets.com/books/1435242004l/22435.jpg","average_rating_rounded":4,"books_count":55,"original_title":"The Fabric of the Cosmos: Space, Time and the Texture of Reality","image_medium":"https://images.gr-assets.com/books/1435242004m/22435.jpg","isbn":"965900584","average_rating":4.11,"original_publication_year":2003,"title":"The Fabric of the Cosmos: Space, Time, and the Texture of Reality","language_code":"eng","id":3609,"ratings_count":24060,"original_series":"","authors":"Brian Greene","_id":"2T7tXXEBhDwVijd9m1pJ"}