{"image":"https://s.gr-assets.com/assets/nophoto/book/111x148-bcc042a9c91a29c1d680899eff700a03.png","average_rating_rounded":4,"books_count":32,"original_title":"The End of Faith: Religion, Terror, and the Future of Reason","image_medium":"https://s.gr-assets.com/assets/nophoto/book/111x148-bcc042a9c91a29c1d680899eff700a03.png","isbn":"393327655","average_rating":3.93,"original_publication_year":2004,"title":"The End of Faith: Religion, Terror, and the Future of Reason","language_code":"en-US","id":3625,"ratings_count":24578,"original_series":"","authors":"Sam Harris","_id":"xz7tXXEBhDwVijd9m1pJ"}