{"image":"https://s.gr-assets.com/assets/nophoto/book/111x148-bcc042a9c91a29c1d680899eff700a03.png","average_rating_rounded":4,"books_count":49,"original_title":"Snakehead","image_medium":"https://s.gr-assets.com/assets/nophoto/book/111x148-bcc042a9c91a29c1d680899eff700a03.png","isbn":"1406309354","average_rating":4.15,"original_publication_year":2007,"title":"Snakehead (Alex Rider, #7)","language_code":"eng","id":3664,"ratings_count":32743,"original_series":"Alex Rider","authors":"Anthony Horowitz","_id":"nj7tXXEBhDwVijd9m1pJ"}