{"image":"https://s.gr-assets.com/assets/nophoto/book/111x148-bcc042a9c91a29c1d680899eff700a03.png","average_rating_rounded":4,"books_count":19,"original_title":"Y: The Last Man Vol. 2: Cycles","image_medium":"https://s.gr-assets.com/assets/nophoto/book/111x148-bcc042a9c91a29c1d680899eff700a03.png","isbn":"1401200761","average_rating":4.23,"original_publication_year":2003,"title":"Y: The Last Man, Vol. 2: Cycles (Y: The Last Man, #2)","language_code":"eng","id":3672,"ratings_count":30504,"original_series":"Y: The Last Man","authors":"Brian K. Vaughan, Pia Guerra, José Marzán Jr.","_id":"lT7tXXEBhDwVijd9m1pJ"}