{"image":"https://images.gr-assets.com/books/1330062676l/29925.jpg","average_rating_rounded":4,"books_count":27,"original_title":"Gods and Generals","image_medium":"https://images.gr-assets.com/books/1330062676m/29925.jpg","isbn":"1841580651","average_rating":4.05,"original_publication_year":1996,"title":"Gods and Generals (The Civil War Trilogy, #1)","language_code":"eng","id":3737,"ratings_count":25515,"original_series":"The Civil War Trilogy","authors":"Jeff Shaara","_id":"Tj7tXXEBhDwVijd9m1pJ"}