{"image":"https://s.gr-assets.com/assets/nophoto/book/111x148-bcc042a9c91a29c1d680899eff700a03.png","average_rating_rounded":4,"books_count":72,"original_title":"The Sands of Time","image_medium":"https://s.gr-assets.com/assets/nophoto/book/111x148-bcc042a9c91a29c1d680899eff700a03.png","isbn":"7165161","average_rating":3.64,"original_publication_year":1985,"title":"Are You Afraid of the Dark?","language_code":"eng","id":3760,"ratings_count":21443,"original_series":"","authors":"Sidney Sheldon","_id":"NT7tXXEBhDwVijd9m1pJ"}