{"image":"https://s.gr-assets.com/assets/nophoto/book/111x148-bcc042a9c91a29c1d680899eff700a03.png","average_rating_rounded":4,"books_count":81,"original_title":"King Rat","image_medium":"https://s.gr-assets.com/assets/nophoto/book/111x148-bcc042a9c91a29c1d680899eff700a03.png","isbn":"385333765","average_rating":4.1,"original_publication_year":1962,"title":"King Rat (Asian Saga, #4)","language_code":"eng","id":3776,"ratings_count":25071,"original_series":"Asian Saga","authors":"James Clavell","_id":"JT7tXXEBhDwVijd9m1pJ"}