{"image":"https://images.gr-assets.com/books/1322168805l/8667848.jpg","average_rating_rounded":4,"books_count":99,"original_title":"A Discovery of Witches","image_medium":"https://images.gr-assets.com/books/1322168805m/8667848.jpg","isbn":"670022411","average_rating":3.99,"original_publication_year":2011,"title":"A Discovery of Witches (All Souls Trilogy, #1)","language_code":"eng","id":379,"ratings_count":226622,"original_series":"All Souls Trilogy","authors":"Deborah Harkness","_id":"Fz7tXXEBhDwVijd9m1pJ"}