{"image":"https://s.gr-assets.com/assets/nophoto/book/111x148-bcc042a9c91a29c1d680899eff700a03.png","average_rating_rounded":4,"books_count":737,"original_title":"The Legend of Sleepy Hollow","image_medium":"https://s.gr-assets.com/assets/nophoto/book/111x148-bcc042a9c91a29c1d680899eff700a03.png","isbn":"809594080","average_rating":3.74,"original_publication_year":1820,"title":"The Legend of Sleepy Hollow","language_code":"eng","id":3799,"ratings_count":25433,"original_series":"","authors":"Washington Irving","_id":"DT7tXXEBhDwVijd9m1pJ"}