{"image":"https://s.gr-assets.com/assets/nophoto/book/111x148-bcc042a9c91a29c1d680899eff700a03.png","average_rating_rounded":4,"books_count":232,"original_title":"ノルウェイの森 [Noruwei no Mori]","image_medium":"https://s.gr-assets.com/assets/nophoto/book/111x148-bcc042a9c91a29c1d680899eff700a03.png","isbn":"375704027","average_rating":4.02,"original_publication_year":1987,"title":"Norwegian Wood","language_code":"eng","id":380,"ratings_count":183988,"original_series":"","authors":"Haruki Murakami, Jay Rubin","_id":"Cz7tXXEBhDwVijd9m1pJ"}