{"image":"https://s.gr-assets.com/assets/nophoto/book/111x148-bcc042a9c91a29c1d680899eff700a03.png","average_rating_rounded":4,"books_count":1,"original_title":"A Good Man Is Hard to Find, and Other Stories","image_medium":"https://s.gr-assets.com/assets/nophoto/book/111x148-bcc042a9c91a29c1d680899eff700a03.png","isbn":"151365040","average_rating":4.24,"original_publication_year":1953,"title":"A Good Man is Hard to Find and Other Stories","language_code":"","id":3808,"ratings_count":25504,"original_series":"","authors":"Flannery O'Connor","_id":"Aj7tXXEBhDwVijd9m1pJ"}