{"image":"https://images.gr-assets.com/books/1289499526l/121927.jpg","average_rating_rounded":4,"books_count":43,"original_title":"Danse Macabre (Anita Blake, Vampire Hunter, #14)","image_medium":"https://images.gr-assets.com/books/1289499526m/121927.jpg","isbn":"515142816","average_rating":3.81,"original_publication_year":2006,"title":"Danse Macabre (Anita Blake, Vampire Hunter, #14)","language_code":"eng","id":3832,"ratings_count":36848,"original_series":"Anita Blake","authors":"Laurell K. Hamilton","_id":"6T7tXXEBhDwVijd9m1lJ"}