{"image":"https://images.gr-assets.com/books/1344371748l/900065.jpg","average_rating_rounded":4,"books_count":20,"original_title":"The Berenstain Bears and the Messy Room","image_medium":"https://images.gr-assets.com/books/1344371748m/900065.jpg","isbn":"394856392","average_rating":4.16,"original_publication_year":1983,"title":"The Berenstain Bears and the Messy Room","language_code":"en-US","id":3936,"ratings_count":27997,"original_series":"","authors":"Stan Berenstain, Jan Berenstain","_id":"fD7tXXEBhDwVijd9m1lJ"}