{"image":"https://s.gr-assets.com/assets/nophoto/book/111x148-bcc042a9c91a29c1d680899eff700a03.png","average_rating_rounded":4,"books_count":69,"original_title":"Hotel on the Corner of Bitter and Sweet","image_medium":"https://s.gr-assets.com/assets/nophoto/book/111x148-bcc042a9c91a29c1d680899eff700a03.png","isbn":"345505336","average_rating":3.98,"original_publication_year":2009,"title":"Hotel on the Corner of Bitter and Sweet","language_code":"eng","id":396,"ratings_count":197294,"original_series":"","authors":"Jamie Ford","_id":"Yj7tXXEBhDwVijd9m1lJ"}