{"image":"https://images.gr-assets.com/books/1379303019l/7035.jpg","average_rating_rounded":4,"books_count":66,"original_title":"Morality for Beautiful Girls","image_medium":"https://images.gr-assets.com/books/1379303019m/7035.jpg","isbn":"1400031362","average_rating":3.97,"original_publication_year":2001,"title":"Morality for Beautiful Girls (No. 1 Ladies' Detective Agency, #3)","language_code":"eng","id":4027,"ratings_count":29574,"original_series":"No. 1 Ladies' Detective Agency","authors":"Alexander McCall Smith","_id":"GT7tXXEBhDwVijd9m1lJ"}