{"image":"https://images.gr-assets.com/books/1168444146l/33455.jpg","average_rating_rounded":4,"books_count":27,"original_title":"Island of the Sequined Love Nun","image_medium":"https://images.gr-assets.com/books/1168444146m/33455.jpg","isbn":"60735449","average_rating":3.78,"original_publication_year":1997,"title":"Island of the Sequined Love Nun","language_code":"en-GB","id":4031,"ratings_count":25166,"original_series":"","authors":"Christopher Moore, Oliver Wyman","_id":"FD7tXXEBhDwVijd9m1lJ"}