{"image":"https://s.gr-assets.com/assets/nophoto/book/111x148-bcc042a9c91a29c1d680899eff700a03.png","average_rating_rounded":4,"books_count":39,"original_title":"The Perfect Husband","image_medium":"https://s.gr-assets.com/assets/nophoto/book/111x148-bcc042a9c91a29c1d680899eff700a03.png","isbn":"553587692","average_rating":4.01,"original_publication_year":1997,"title":"The Perfect Husband (Quincy & Rainie, #1)","language_code":"eng","id":4066,"ratings_count":26578,"original_series":"Quincy & Rainie","authors":"Lisa Gardner","_id":"7z7tXXEBhDwVijd9m1hJ"}