{"image":"https://s.gr-assets.com/assets/nophoto/book/111x148-bcc042a9c91a29c1d680899eff700a03.png","average_rating_rounded":4,"books_count":89,"original_title":"A Briefer History of Time","image_medium":"https://s.gr-assets.com/assets/nophoto/book/111x148-bcc042a9c91a29c1d680899eff700a03.png","isbn":"553804367","average_rating":4.19,"original_publication_year":2005,"title":"A Briefer History of Time","language_code":"eng","id":4119,"ratings_count":19838,"original_series":"","authors":"Stephen Hawking, Leonard Mlodinow","_id":"uD7tXXEBhDwVijd9m1hJ"}