{"image":"https://s.gr-assets.com/assets/nophoto/book/111x148-bcc042a9c91a29c1d680899eff700a03.png","average_rating_rounded":4,"books_count":31,"original_title":"Where Men Win Glory: The Odyssey of Pat Tillman","image_medium":"https://s.gr-assets.com/assets/nophoto/book/111x148-bcc042a9c91a29c1d680899eff700a03.png","isbn":"385522266","average_rating":4.03,"original_publication_year":2008,"title":"Where Men Win Glory: The Odyssey of Pat Tillman","language_code":"en-US","id":4162,"ratings_count":21302,"original_series":"","authors":"Jon Krakauer","_id":"iD7tXXEBhDwVijd9m1hJ"}