{"image":"https://s.gr-assets.com/assets/nophoto/book/111x148-bcc042a9c91a29c1d680899eff700a03.png","average_rating_rounded":4,"books_count":27,"original_title":"The Vow: The Kim and Krickitt Carpenter Story","image_medium":"https://s.gr-assets.com/assets/nophoto/book/111x148-bcc042a9c91a29c1d680899eff700a03.png","isbn":"805421300","average_rating":3.77,"original_publication_year":2000,"title":"The Vow: The Kim & Krickitt Carpenter Story","language_code":"eng","id":4174,"ratings_count":16705,"original_series":"","authors":"Kim Carpenter, John R. Perry, Krickitt Carpenter","_id":"ez7tXXEBhDwVijd9m1hJ"}