{"image":"https://images.gr-assets.com/books/1417467183l/14288998.jpg","average_rating_rounded":4,"books_count":35,"original_title":"Into the Still Blue","image_medium":"https://images.gr-assets.com/books/1417467183m/14288998.jpg","isbn":"62072099","average_rating":4.17,"original_publication_year":2014,"title":"Into the Still Blue (Under the Never Sky, #3)","language_code":"eng","id":4226,"ratings_count":33983,"original_series":"Under the Never Sky","authors":"Veronica Rossi","_id":"Qz7tXXEBhDwVijd9m1hJ"}