{"image":"https://s.gr-assets.com/assets/nophoto/book/111x148-bcc042a9c91a29c1d680899eff700a03.png","average_rating_rounded":4,"books_count":6,"original_title":"Complete Works of Lewis Carroll","image_medium":"https://s.gr-assets.com/assets/nophoto/book/111x148-bcc042a9c91a29c1d680899eff700a03.png","isbn":"517220776","average_rating":4.34,"original_publication_year":1884,"title":"The Complete Stories and Poems","language_code":"","id":4271,"ratings_count":23390,"original_series":"","authors":"Lewis Carroll","_id":"nzftXXEBdEU4aeo6hOFa"}