{"image":"https://s.gr-assets.com/assets/nophoto/book/111x148-bcc042a9c91a29c1d680899eff700a03.png","average_rating_rounded":3,"books_count":58,"original_title":"One Fifth Avenue","image_medium":"https://s.gr-assets.com/assets/nophoto/book/111x148-bcc042a9c91a29c1d680899eff700a03.png","isbn":"1400139027","average_rating":3.33,"original_publication_year":2008,"title":"One Fifth Avenue","language_code":"","id":4322,"ratings_count":20962,"original_series":"","authors":"Candace Bushnell, Donna Murphy","_id":"aDftXXEBdEU4aeo6hOFa"}