{"image":"https://s.gr-assets.com/assets/nophoto/book/111x148-bcc042a9c91a29c1d680899eff700a03.png","average_rating_rounded":4,"books_count":17,"original_title":"The Patron Saint of Liars","image_medium":"https://s.gr-assets.com/assets/nophoto/book/111x148-bcc042a9c91a29c1d680899eff700a03.png","isbn":"1841150509","average_rating":3.76,"original_publication_year":1992,"title":"The Patron Saint of Liars","language_code":"eng","id":4363,"ratings_count":20722,"original_series":"","authors":"Ann Patchett","_id":"PTftXXEBdEU4aeo6hOFa"}