{"image":"https://images.gr-assets.com/books/1365217267l/11337189.jpg","average_rating_rounded":4,"books_count":39,"original_title":"A Universe from Nothing: Why There Is Something Rather Than Nothing","image_medium":"https://images.gr-assets.com/books/1365217267m/11337189.jpg","isbn":"145162445X","average_rating":3.92,"original_publication_year":2012,"title":"A Universe from Nothing: Why There Is Something Rather Than Nothing","language_code":"eng","id":4477,"ratings_count":17204,"original_series":"","authors":"Lawrence M. Krauss, Richard Dawkins","_id":"wjftXXEBdEU4aeo6hOBa"}