{"image":"https://s.gr-assets.com/assets/nophoto/book/111x148-bcc042a9c91a29c1d680899eff700a03.png","average_rating_rounded":4,"books_count":78,"original_title":"Five Quarters of the Orange","image_medium":"https://s.gr-assets.com/assets/nophoto/book/111x148-bcc042a9c91a29c1d680899eff700a03.png","isbn":"60958022","average_rating":3.83,"original_publication_year":2001,"title":"Five Quarters of the Orange","language_code":"eng","id":4508,"ratings_count":23332,"original_series":"","authors":"Joanne Harris","_id":"ozftXXEBdEU4aeo6hOBa"}