{"image":"https://images.gr-assets.com/books/1479698298l/12326627.jpg","average_rating_rounded":4,"books_count":46,"original_title":"The White Princess","image_medium":"https://images.gr-assets.com/books/1479698298m/12326627.jpg","isbn":"","average_rating":3.85,"original_publication_year":2013,"title":"The White Princess (The Plantagenet and Tudor Novels, #5)","language_code":"eng","id":4532,"ratings_count":22584,"original_series":"The Plantagenet and Tudor Novels","authors":"Philippa Gregory","_id":"iDftXXEBdEU4aeo6hOBa"}