{"image":"https://s.gr-assets.com/assets/nophoto/book/111x148-bcc042a9c91a29c1d680899eff700a03.png","average_rating_rounded":4,"books_count":25,"original_title":"Belong to Me","image_medium":"https://s.gr-assets.com/assets/nophoto/book/111x148-bcc042a9c91a29c1d680899eff700a03.png","isbn":"61240273","average_rating":3.84,"original_publication_year":2008,"title":"Belong to Me","language_code":"en-US","id":4549,"ratings_count":22521,"original_series":"","authors":"Marisa de los Santos","_id":"djftXXEBdEU4aeo6hOBa"}