{"image":"https://s.gr-assets.com/assets/nophoto/book/111x148-bcc042a9c91a29c1d680899eff700a03.png","average_rating_rounded":4,"books_count":12,"original_title":"Operating Instructions: A Journal of My Son's First Year","image_medium":"https://s.gr-assets.com/assets/nophoto/book/111x148-bcc042a9c91a29c1d680899eff700a03.png","isbn":"1400079098","average_rating":4.18,"original_publication_year":1993,"title":"Operating Instructions: A Journal of My Son's First Year","language_code":"eng","id":4660,"ratings_count":19466,"original_series":"","authors":"Anne Lamott","_id":"ATftXXEBdEU4aeo6hOBa"}