{"image":"https://s.gr-assets.com/assets/nophoto/book/111x148-bcc042a9c91a29c1d680899eff700a03.png","average_rating_rounded":4,"books_count":38,"original_title":"The Wisdom of Crowds","image_medium":"https://s.gr-assets.com/assets/nophoto/book/111x148-bcc042a9c91a29c1d680899eff700a03.png","isbn":"385721706","average_rating":3.8,"original_publication_year":2004,"title":"The Wisdom of Crowds","language_code":"eng","id":4699,"ratings_count":18457,"original_series":"","authors":"James Surowiecki","_id":"1zftXXEBdEU4aeo6hN9a"}