{"image":"https://images.gr-assets.com/books/1393219562l/206309.jpg","average_rating_rounded":4,"books_count":47,"original_title":"Fish! A Remarkable Way to Boost Morale and Improve Results","image_medium":"https://images.gr-assets.com/books/1393219562m/206309.jpg","isbn":"786866020","average_rating":3.92,"original_publication_year":1996,"title":"Fish: A Proven Way to Boost Morale and Improve Results","language_code":"eng","id":4748,"ratings_count":19405,"original_series":"","authors":"Stephen C. Lundin, Harry Paul, John Christensen, Kenneth H. Blanchard","_id":"pTftXXEBdEU4aeo6hN9a"}