{"image":"https://s.gr-assets.com/assets/nophoto/book/111x148-bcc042a9c91a29c1d680899eff700a03.png","average_rating_rounded":4,"books_count":11,"original_title":"The Ruins","image_medium":"https://s.gr-assets.com/assets/nophoto/book/111x148-bcc042a9c91a29c1d680899eff700a03.png","isbn":"1400043875","average_rating":3.5,"original_publication_year":2006,"title":"The Ruins","language_code":"en-US","id":4772,"ratings_count":21613,"original_series":"","authors":"Scott B. Smith","_id":"izftXXEBdEU4aeo6hN9a"}