{"image":"https://images.gr-assets.com/books/1167595462l/25190.jpg","average_rating_rounded":4,"books_count":48,"original_title":"Beauty's Release (Sleeping Beauty, #3)","image_medium":"https://images.gr-assets.com/books/1167595462m/25190.jpg","isbn":"452281458","average_rating":3.71,"original_publication_year":1985,"title":"Beauty's Release (Sleeping Beauty, #3)","language_code":"eng","id":4820,"ratings_count":22424,"original_series":"Sleeping Beauty","authors":"A.N. Roquelaure, Anne Rice","_id":"WjftXXEBdEU4aeo6hN9a"}