{"image":"https://s.gr-assets.com/assets/nophoto/book/111x148-bcc042a9c91a29c1d680899eff700a03.png","average_rating_rounded":4,"books_count":17,"original_title":"Searching for God Knows What","image_medium":"https://s.gr-assets.com/assets/nophoto/book/111x148-bcc042a9c91a29c1d680899eff700a03.png","isbn":"785263713","average_rating":3.92,"original_publication_year":2000,"title":"Searching for God Knows What","language_code":"en-US","id":4861,"ratings_count":19383,"original_series":"","authors":"Donald Miller","_id":"MjftXXEBdEU4aeo6hN9a"}