{"image":"https://s.gr-assets.com/assets/nophoto/book/111x148-bcc042a9c91a29c1d680899eff700a03.png","average_rating_rounded":4,"books_count":45,"original_title":"Katherine","image_medium":"https://s.gr-assets.com/assets/nophoto/book/111x148-bcc042a9c91a29c1d680899eff700a03.png","isbn":"155652532X","average_rating":4.18,"original_publication_year":1954,"title":"Katherine","language_code":"eng","id":4898,"ratings_count":22577,"original_series":"","authors":"Anya Seton, Philippa Gregory","_id":"DDftXXEBdEU4aeo6hN9a"}