{"image":"https://s.gr-assets.com/assets/nophoto/book/111x148-bcc042a9c91a29c1d680899eff700a03.png","average_rating_rounded":4,"books_count":35,"original_title":"Stolen Innocence: My Story of Growing Up in a Polygamous Sect, Becoming a Teenage Bride, and Breaking Free of Warren Jeffs","image_medium":"https://s.gr-assets.com/assets/nophoto/book/111x148-bcc042a9c91a29c1d680899eff700a03.png","isbn":"61628018","average_rating":3.89,"original_publication_year":2008,"title":"Stolen Innocence: My Story of Growing Up in a Polygamous Sect, Becoming a Teenage Bride, and Breaking Free of Warren Jeffs","language_code":"","id":4949,"ratings_count":19468,"original_series":"","authors":"Elissa Wall, Lisa Pulitzer","_id":"1DftXXEBdEU4aeo6hN5a"}