{"image":"https://s.gr-assets.com/assets/nophoto/book/111x148-bcc042a9c91a29c1d680899eff700a03.png","average_rating_rounded":4,"books_count":43,"original_title":"That Was Then, This Is Now","image_medium":"https://s.gr-assets.com/assets/nophoto/book/111x148-bcc042a9c91a29c1d680899eff700a03.png","isbn":"140389660","average_rating":3.89,"original_publication_year":1971,"title":"That Was Then, This Is Now","language_code":"en-US","id":4965,"ratings_count":22946,"original_series":"","authors":"S.E. Hinton","_id":"xDftXXEBdEU4aeo6hN5a"}