{"image":"https://s.gr-assets.com/assets/nophoto/book/111x148-bcc042a9c91a29c1d680899eff700a03.png","average_rating_rounded":4,"books_count":33,"original_title":"Dean Koontz's Frankenstein: Dead and Alive","image_medium":"https://s.gr-assets.com/assets/nophoto/book/111x148-bcc042a9c91a29c1d680899eff700a03.png","isbn":"7203116","average_rating":4.01,"original_publication_year":2009,"title":"Dead and Alive (Dean Koontz's Frankenstein, #3)","language_code":"eng","id":5026,"ratings_count":18310,"original_series":"Dean Koontz's Frankenstein","authors":"Dean Koontz","_id":"gzftXXEBdEU4aeo6hN5a"}