{"image":"https://images.gr-assets.com/books/1406505722l/27526.jpg","average_rating_rounded":4,"books_count":34,"original_title":"The Sacrilege: The Antichrist Takes the Throne","image_medium":"https://images.gr-assets.com/books/1406505722m/27526.jpg","isbn":"842332294","average_rating":4,"original_publication_year":2001,"title":"Desecration (Left Behind, #9)","language_code":"en-US","id":5030,"ratings_count":19562,"original_series":"Left Behind","authors":"Tim LaHaye, Jerry B. Jenkins","_id":"fjftXXEBdEU4aeo6hN5a"}