{"image":"https://images.gr-assets.com/books/1330079386l/4703450.jpg","average_rating_rounded":4,"books_count":33,"original_title":"The Dragon Keeper","image_medium":"https://images.gr-assets.com/books/1330079386m/4703450.jpg","isbn":"7273746","average_rating":3.93,"original_publication_year":2009,"title":"The Dragon Keeper (Rain Wild Chronicles, #1)","language_code":"eng","id":5067,"ratings_count":19620,"original_series":"Rain Wild Chronicles","authors":"Robin Hobb","_id":"WjftXXEBdEU4aeo6hN5Z"}