{"image":"https://images.gr-assets.com/books/1403181403l/184419.jpg","average_rating_rounded":4,"books_count":548,"original_title":"The Man Who Was Thursday - A Nightmare","image_medium":"https://images.gr-assets.com/books/1403181403m/184419.jpg","isbn":"375757910","average_rating":3.85,"original_publication_year":1908,"title":"The Man Who Was Thursday: A Nightmare","language_code":"eng","id":5088,"ratings_count":17481,"original_series":"","authors":"G.K. Chesterton, Jonathan Lethem","_id":"QzftXXEBdEU4aeo6hN5Z"}