{"image":"https://s.gr-assets.com/assets/nophoto/book/111x148-bcc042a9c91a29c1d680899eff700a03.png","average_rating_rounded":4,"books_count":22,"original_title":"Fear and Loathing on the Campaign Trail '72","image_medium":"https://s.gr-assets.com/assets/nophoto/book/111x148-bcc042a9c91a29c1d680899eff700a03.png","isbn":"446698229","average_rating":4.1,"original_publication_year":1973,"title":"Fear and Loathing on the Campaign Trail '72","language_code":"en-US","id":5122,"ratings_count":15306,"original_series":"","authors":"Hunter S. Thompson","_id":"IDftXXEBdEU4aeo6hN5Z"}