{"image":"https://s.gr-assets.com/assets/nophoto/book/111x148-bcc042a9c91a29c1d680899eff700a03.png","average_rating_rounded":4,"books_count":66,"original_title":"The Vampire Prince (Cirque Du Freak, #6)","image_medium":"https://s.gr-assets.com/assets/nophoto/book/111x148-bcc042a9c91a29c1d680899eff700a03.png","isbn":"316000973","average_rating":4.23,"original_publication_year":2002,"title":"The Vampire Prince (Cirque Du Freak, #6)","language_code":"","id":5159,"ratings_count":20877,"original_series":"Cirque Du Freak","authors":"Darren Shan","_id":"-DftXXEBdEU4aeo6hN1Z"}