{"image":"https://s.gr-assets.com/assets/nophoto/book/111x148-bcc042a9c91a29c1d680899eff700a03.png","average_rating_rounded":4,"books_count":64,"original_title":"On Death and Dying","image_medium":"https://s.gr-assets.com/assets/nophoto/book/111x148-bcc042a9c91a29c1d680899eff700a03.png","isbn":"684839385","average_rating":4.15,"original_publication_year":1969,"title":"On Death and Dying","language_code":"eng","id":5163,"ratings_count":17937,"original_series":"","authors":"Elisabeth Kübler-Ross","_id":"8zftXXEBdEU4aeo6hN1Z"}