{"image":"https://s.gr-assets.com/assets/nophoto/book/111x148-bcc042a9c91a29c1d680899eff700a03.png","average_rating_rounded":4,"books_count":28,"original_title":"Sunshine","image_medium":"https://s.gr-assets.com/assets/nophoto/book/111x148-bcc042a9c91a29c1d680899eff700a03.png","isbn":"515138819","average_rating":3.85,"original_publication_year":2003,"title":"Sunshine","language_code":"en-US","id":5175,"ratings_count":27918,"original_series":"","authors":"Robin McKinley","_id":"5zftXXEBdEU4aeo6hN1Z"}