{"image":"https://s.gr-assets.com/assets/nophoto/book/111x148-bcc042a9c91a29c1d680899eff700a03.png","average_rating_rounded":4,"books_count":5,"original_title":"Magician: Apprentice (The Riftwar Saga, #1) ","image_medium":"https://s.gr-assets.com/assets/nophoto/book/111x148-bcc042a9c91a29c1d680899eff700a03.png","isbn":"785127224","average_rating":4.44,"original_publication_year":1984,"title":"Magician: Apprentice  (Raymond E. Feist's Magician: Apprentice #1)","language_code":"eng","id":5227,"ratings_count":17782,"original_series":"Raymond E. Feist's Magician: Apprentice ","authors":"Raymond E. Feist, Michael Avon Oeming, Bryan J.L. Glass, Ryan Stegman","_id":"Bj7tXXEBhDwVijd9cFiG"}