{"image":"https://s.gr-assets.com/assets/nophoto/book/111x148-bcc042a9c91a29c1d680899eff700a03.png","average_rating_rounded":4,"books_count":41,"original_title":"The Christmas Box","image_medium":"https://s.gr-assets.com/assets/nophoto/book/111x148-bcc042a9c91a29c1d680899eff700a03.png","isbn":"684832356","average_rating":3.95,"original_publication_year":1993,"title":"The Christmas Box (The Christmas Box, #1)","language_code":"eng","id":5270,"ratings_count":18869,"original_series":"The Christmas Box","authors":"Richard Paul Evans","_id":"1j7tXXEBhDwVijd9cFeG"}