{"image":"https://images.gr-assets.com/books/1396828238l/19561922.jpg","average_rating_rounded":4,"books_count":22,"original_title":"The Long Way Home","image_medium":"https://images.gr-assets.com/books/1396828238m/19561922.jpg","isbn":"1250022061","average_rating":4.06,"original_publication_year":2014,"title":"The Long Way Home (Chief Inspector Armand Gamache, #10)","language_code":"eng","id":5319,"ratings_count":16625,"original_series":"Chief Inspector Armand Gamache","authors":"Louise Penny","_id":"oT7tXXEBhDwVijd9cFeG"}