{"image":"https://s.gr-assets.com/assets/nophoto/book/111x148-bcc042a9c91a29c1d680899eff700a03.png","average_rating_rounded":4,"books_count":39,"original_title":"The Dark Highlander","image_medium":"https://s.gr-assets.com/assets/nophoto/book/111x148-bcc042a9c91a29c1d680899eff700a03.png","isbn":"440237556","average_rating":4.31,"original_publication_year":2002,"title":"The Dark Highlander (Highlander, #5)","language_code":"eng","id":5323,"ratings_count":27639,"original_series":"Highlander","authors":"Karen Marie Moning","_id":"nD7tXXEBhDwVijd9cFeG"}