{"image":"https://s.gr-assets.com/assets/nophoto/book/111x148-bcc042a9c91a29c1d680899eff700a03.png","average_rating_rounded":4,"books_count":38,"original_title":"The Palace of Illusions","image_medium":"https://s.gr-assets.com/assets/nophoto/book/111x148-bcc042a9c91a29c1d680899eff700a03.png","isbn":"385515995","average_rating":4.11,"original_publication_year":2008,"title":"The Palace of Illusions","language_code":"en-US","id":5335,"ratings_count":16304,"original_series":"","authors":"Chitra Banerjee Divakaruni","_id":"kD7tXXEBhDwVijd9cFeG"}