{"image":"https://s.gr-assets.com/assets/nophoto/book/111x148-bcc042a9c91a29c1d680899eff700a03.png","average_rating_rounded":4,"books_count":22,"original_title":"Waiting For You","image_medium":"https://s.gr-assets.com/assets/nophoto/book/111x148-bcc042a9c91a29c1d680899eff700a03.png","isbn":"670011304","average_rating":3.84,"original_publication_year":2009,"title":"Waiting For You","language_code":"eng","id":5362,"ratings_count":20236,"original_series":"","authors":"Susane Colasanti","_id":"cj7tXXEBhDwVijd9cFeG"}