{"image":"https://s.gr-assets.com/assets/nophoto/book/111x148-bcc042a9c91a29c1d680899eff700a03.png","average_rating_rounded":4,"books_count":52,"original_title":"Small Island","image_medium":"https://s.gr-assets.com/assets/nophoto/book/111x148-bcc042a9c91a29c1d680899eff700a03.png","isbn":"312424671","average_rating":3.89,"original_publication_year":2004,"title":"Small Island","language_code":"en-US","id":5421,"ratings_count":17205,"original_series":"","authors":"Andrea Levy","_id":"MT7tXXEBhDwVijd9cFeF"}