{"image":"https://s.gr-assets.com/assets/nophoto/book/111x148-bcc042a9c91a29c1d680899eff700a03.png","average_rating_rounded":4,"books_count":383,"original_title":"The Velveteen Rabbit","image_medium":"https://s.gr-assets.com/assets/nophoto/book/111x148-bcc042a9c91a29c1d680899eff700a03.png","isbn":"380002558","average_rating":4.29,"original_publication_year":1922,"title":"The Velveteen Rabbit","language_code":"eng","id":545,"ratings_count":173469,"original_series":"","authors":"Margery Williams Bianco, William   Nicholson","_id":"FD7tXXEBhDwVijd9cFeF"}