{"image":"https://s.gr-assets.com/assets/nophoto/book/111x148-bcc042a9c91a29c1d680899eff700a03.png","average_rating_rounded":4,"books_count":33,"original_title":"An Ice Cold Grave","image_medium":"https://s.gr-assets.com/assets/nophoto/book/111x148-bcc042a9c91a29c1d680899eff700a03.png","isbn":"425217299","average_rating":3.95,"original_publication_year":2007,"title":"An Ice Cold Grave (Harper Connelly, #3)","language_code":"eng","id":5499,"ratings_count":26178,"original_series":"Harper Connelly","authors":"Charlaine Harris","_id":"3z7tXXEBhDwVijd9cFaF"}