{"image":"https://s.gr-assets.com/assets/nophoto/book/111x148-bcc042a9c91a29c1d680899eff700a03.png","average_rating_rounded":4,"books_count":30,"original_title":"Stray","image_medium":"https://s.gr-assets.com/assets/nophoto/book/111x148-bcc042a9c91a29c1d680899eff700a03.png","isbn":"778324214","average_rating":3.79,"original_publication_year":2007,"title":"Stray (Shifters, #1)","language_code":"eng","id":5533,"ratings_count":29063,"original_series":"Shifters","authors":"Rachel Vincent","_id":"uz7tXXEBhDwVijd9cFaF"}