{"image":"https://s.gr-assets.com/assets/nophoto/book/111x148-bcc042a9c91a29c1d680899eff700a03.png","average_rating_rounded":4,"books_count":77,"original_title":"Tehanu","image_medium":"https://s.gr-assets.com/assets/nophoto/book/111x148-bcc042a9c91a29c1d680899eff700a03.png","isbn":"1416509631","average_rating":3.89,"original_publication_year":1990,"title":"Tehanu (Earthsea Cycle, #4)","language_code":"eng","id":5661,"ratings_count":19503,"original_series":"Earthsea Cycle","authors":"Ursula K. Le Guin","_id":"Nz7tXXEBhDwVijd9cFaF"}