{"image":"https://s.gr-assets.com/assets/nophoto/book/111x148-bcc042a9c91a29c1d680899eff700a03.png","average_rating_rounded":4,"books_count":29,"original_title":"Touching Spirit Bear","image_medium":"https://s.gr-assets.com/assets/nophoto/book/111x148-bcc042a9c91a29c1d680899eff700a03.png","isbn":"60734000","average_rating":3.85,"original_publication_year":1997,"title":"Touching Spirit Bear (Spirit Bear, #1)","language_code":"eng","id":5708,"ratings_count":17706,"original_series":"Spirit Bear","authors":"Ben Mikaelsen","_id":"CT7tXXEBhDwVijd9cFaF"}