{"image":"https://s.gr-assets.com/assets/nophoto/book/111x148-bcc042a9c91a29c1d680899eff700a03.png","average_rating_rounded":4,"books_count":44,"original_title":"The Ring of Solomon","image_medium":"https://s.gr-assets.com/assets/nophoto/book/111x148-bcc042a9c91a29c1d680899eff700a03.png","isbn":"307738612","average_rating":4.19,"original_publication_year":2010,"title":"The Ring of Solomon (Bartimaeus, #0.5)","language_code":"eng","id":5732,"ratings_count":18809,"original_series":"Bartimaeus","authors":"Jonathan Stroud, Simon  Jones","_id":"8T7tXXEBhDwVijd9cFWF"}