{"image":"https://s.gr-assets.com/assets/nophoto/book/111x148-bcc042a9c91a29c1d680899eff700a03.png","average_rating_rounded":4,"books_count":36,"original_title":"Veil of Midnight","image_medium":"https://s.gr-assets.com/assets/nophoto/book/111x148-bcc042a9c91a29c1d680899eff700a03.png","isbn":"440244498","average_rating":4.26,"original_publication_year":2008,"title":"Veil of Midnight (Midnight Breed, #5)","language_code":"eng","id":5749,"ratings_count":25116,"original_series":"Midnight Breed","authors":"Lara Adrian","_id":"4D7tXXEBhDwVijd9cFWF"}