{"image":"https://s.gr-assets.com/assets/nophoto/book/111x148-bcc042a9c91a29c1d680899eff700a03.png","average_rating_rounded":4,"books_count":56,"original_title":"The Third Chimpanzee: The Evolution and Future of the Human Animal","image_medium":"https://s.gr-assets.com/assets/nophoto/book/111x148-bcc042a9c91a29c1d680899eff700a03.png","isbn":"60845503","average_rating":4.04,"original_publication_year":1991,"title":"The Third Chimpanzee: The Evolution and Future of the Human Animal","language_code":"eng","id":5765,"ratings_count":15362,"original_series":"","authors":"Jared Diamond","_id":"zz7tXXEBhDwVijd9cFWF"}