{"image":"https://s.gr-assets.com/assets/nophoto/book/111x148-bcc042a9c91a29c1d680899eff700a03.png","average_rating_rounded":4,"books_count":25,"original_title":"The Walking Dead 6","image_medium":"https://s.gr-assets.com/assets/nophoto/book/111x148-bcc042a9c91a29c1d680899eff700a03.png","isbn":"1582406847","average_rating":4.32,"original_publication_year":2007,"title":"The Walking Dead, Vol. 06: This Sorrowful Life","language_code":"eng","id":5773,"ratings_count":18655,"original_series":"","authors":"Robert Kirkman, Charlie Adlard, Cliff Rathburn","_id":"xj7tXXEBhDwVijd9cFWF"}