{"image":"https://images.gr-assets.com/books/1387891720l/16280678.jpg","average_rating_rounded":4,"books_count":15,"original_title":"Shattered","image_medium":"https://images.gr-assets.com/books/1387891720m/16280678.jpg","isbn":"345548485","average_rating":4.28,"original_publication_year":2014,"title":"Shattered (The Iron Druid Chronicles, #7)","language_code":"eng","id":5837,"ratings_count":15133,"original_series":"The Iron Druid Chronicles","authors":"Kevin Hearne","_id":"gz7tXXEBhDwVijd9cFWF"}