{"image":"https://s.gr-assets.com/assets/nophoto/book/111x148-bcc042a9c91a29c1d680899eff700a03.png","average_rating_rounded":4,"books_count":63,"original_title":"The Teeth of the Tiger","image_medium":"https://s.gr-assets.com/assets/nophoto/book/111x148-bcc042a9c91a29c1d680899eff700a03.png","isbn":"141004924","average_rating":3.61,"original_publication_year":2003,"title":"The Teeth of the Tiger (Jack Ryan Universe, #12)","language_code":"eng","id":5876,"ratings_count":15746,"original_series":"Jack Ryan Universe","authors":"Tom Clancy","_id":"Wj7tXXEBhDwVijd9cFWF"}