{"image":"https://images.gr-assets.com/books/1306208628l/110385.jpg","average_rating_rounded":4,"books_count":46,"original_title":"An Offer From a Gentleman","image_medium":"https://images.gr-assets.com/books/1306208628m/110385.jpg","isbn":"380815583","average_rating":4.08,"original_publication_year":2001,"title":"An Offer From a Gentleman (Bridgertons, #3)","language_code":"en-US","id":5899,"ratings_count":17402,"original_series":"Bridgertons","authors":"Julia Quinn","_id":"Qz7tXXEBhDwVijd9cFWF"}