{"image":"https://s.gr-assets.com/assets/nophoto/book/111x148-bcc042a9c91a29c1d680899eff700a03.png","average_rating_rounded":4,"books_count":55,"original_title":"The Vanishing Act of Esme Lennox","image_medium":"https://s.gr-assets.com/assets/nophoto/book/111x148-bcc042a9c91a29c1d680899eff700a03.png","isbn":"755308441","average_rating":3.82,"original_publication_year":2006,"title":"The Vanishing Act of Esme Lennox","language_code":"eng","id":5925,"ratings_count":16675,"original_series":"","authors":"Maggie O'Farrell","_id":"Jz7tXXEBhDwVijd9cFWF"}