{"image":"https://s.gr-assets.com/assets/nophoto/book/111x148-bcc042a9c91a29c1d680899eff700a03.png","average_rating_rounded":4,"books_count":33,"original_title":"Girlfriend in a Coma","image_medium":"https://s.gr-assets.com/assets/nophoto/book/111x148-bcc042a9c91a29c1d680899eff700a03.png","isbn":"60987324","average_rating":3.61,"original_publication_year":1998,"title":"Girlfriend in a Coma","language_code":"eng","id":5948,"ratings_count":14576,"original_series":"","authors":"Douglas Coupland","_id":"Dz7tXXEBhDwVijd9cFWF"}