{"image":"https://s.gr-assets.com/assets/nophoto/book/111x148-bcc042a9c91a29c1d680899eff700a03.png","average_rating_rounded":4,"books_count":17,"original_title":"The Wednesday Letters","image_medium":"https://s.gr-assets.com/assets/nophoto/book/111x148-bcc042a9c91a29c1d680899eff700a03.png","isbn":"1590388127","average_rating":3.61,"original_publication_year":2007,"title":"The Wednesday Letters","language_code":"en-US","id":5964,"ratings_count":16776,"original_series":"","authors":"Jason F. Wright","_id":"_T7tXXEBhDwVijd9cFSF"}