{"image":"https://s.gr-assets.com/assets/nophoto/book/111x148-bcc042a9c91a29c1d680899eff700a03.png","average_rating_rounded":4,"books_count":424,"original_title":"A Child's Garden of Verses","image_medium":"https://s.gr-assets.com/assets/nophoto/book/111x148-bcc042a9c91a29c1d680899eff700a03.png","isbn":"689823827","average_rating":4.3,"original_publication_year":1885,"title":"A Child's Garden of Verses","language_code":"eng","id":5972,"ratings_count":20354,"original_series":"","authors":"Robert Louis Stevenson, Tasha Tudor","_id":"9T7tXXEBhDwVijd9cFSF"}