{"image":"https://images.gr-assets.com/books/1329982839l/423156.jpg","average_rating_rounded":4,"books_count":62,"original_title":"King of the Wind: The Story of the Godolphin Arabian","image_medium":"https://images.gr-assets.com/books/1329982839m/423156.jpg","isbn":"27436292","average_rating":4.19,"original_publication_year":1948,"title":"King of the Wind: The Story of the Godolphin Arabian","language_code":"eng","id":6061,"ratings_count":20089,"original_series":"","authors":"Marguerite Henry, Wesley Dennis","_id":"kz7tXXEBhDwVijd9cFSF"}