{"image":"https://images.gr-assets.com/books/1436737104l/10865206.jpg","average_rating_rounded":4,"books_count":38,"original_title":"The Willpower Instinct: How Self-Control Works, Why It Matters, and What You Can Do to Get More of It","image_medium":"https://images.gr-assets.com/books/1436737104m/10865206.jpg","isbn":"1583334386","average_rating":4.11,"original_publication_year":2011,"title":"The Willpower Instinct: How Self-Control Works, Why It Matters, and What You Can Do to Get More of It","language_code":"eng","id":6149,"ratings_count":15318,"original_series":"","authors":"Kelly McGonigal","_id":"Nz7tXXEBhDwVijd9XFRL"}