{"image":"https://s.gr-assets.com/assets/nophoto/book/111x148-bcc042a9c91a29c1d680899eff700a03.png","average_rating_rounded":4,"books_count":47,"original_title":"Spook Country","image_medium":"https://s.gr-assets.com/assets/nophoto/book/111x148-bcc042a9c91a29c1d680899eff700a03.png","isbn":"399154302","average_rating":3.66,"original_publication_year":2007,"title":"Spook Country (Blue Ant, #2)","language_code":"en-US","id":6165,"ratings_count":14855,"original_series":"Blue Ant","authors":"William Gibson","_id":"Jj7tXXEBhDwVijd9XFRL"}