{"image":"https://s.gr-assets.com/assets/nophoto/book/111x148-bcc042a9c91a29c1d680899eff700a03.png","average_rating_rounded":4,"books_count":256,"original_title":"De la démocratie en Amérique","image_medium":"https://s.gr-assets.com/assets/nophoto/book/111x148-bcc042a9c91a29c1d680899eff700a03.png","isbn":"140447601","average_rating":3.99,"original_publication_year":1835,"title":"Democracy in America","language_code":"eng","id":6173,"ratings_count":15917,"original_series":"","authors":"Alexis de Tocqueville, Isaac Kramnick, Gerald Bevan","_id":"Hj7tXXEBhDwVijd9XFRL"}