{"image":"https://s.gr-assets.com/assets/nophoto/book/111x148-bcc042a9c91a29c1d680899eff700a03.png","average_rating_rounded":4,"books_count":49,"original_title":"Worst Case","image_medium":"https://s.gr-assets.com/assets/nophoto/book/111x148-bcc042a9c91a29c1d680899eff700a03.png","isbn":"316036226","average_rating":4,"original_publication_year":2010,"title":"Worst Case (Michael Bennett, #3)","language_code":"eng","id":6237,"ratings_count":16461,"original_series":"Michael Bennett","authors":"James Patterson, Michael Ledwidge","_id":"3D7tXXEBhDwVijd9XFNL"}