{"image":"https://s.gr-assets.com/assets/nophoto/book/111x148-bcc042a9c91a29c1d680899eff700a03.png","average_rating_rounded":4,"books_count":58,"original_title":"As The Crow Flies","image_medium":"https://s.gr-assets.com/assets/nophoto/book/111x148-bcc042a9c91a29c1d680899eff700a03.png","isbn":"312997116","average_rating":4.05,"original_publication_year":1990,"title":"As the Crow Flies","language_code":"","id":6276,"ratings_count":14415,"original_series":"","authors":"Jeffrey Archer","_id":"sz7tXXEBhDwVijd9XFNL"}