{"image":"https://s.gr-assets.com/assets/nophoto/book/111x148-bcc042a9c91a29c1d680899eff700a03.png","average_rating_rounded":4,"books_count":35,"original_title":"Trinity: A Novel of Ireland","image_medium":"https://s.gr-assets.com/assets/nophoto/book/111x148-bcc042a9c91a29c1d680899eff700a03.png","isbn":"60827882","average_rating":4.23,"original_publication_year":1976,"title":"Trinity","language_code":"","id":6333,"ratings_count":16056,"original_series":"","authors":"Leon Uris","_id":"dz7tXXEBhDwVijd9XFNL"}