{"image":"https://images.gr-assets.com/books/1403541609l/34760.jpg","average_rating_rounded":4,"books_count":42,"original_title":"All I Really Need To Know I Learned in Kindergarten","image_medium":"https://images.gr-assets.com/books/1403541609m/34760.jpg","isbn":"034546639X","average_rating":4.03,"original_publication_year":1986,"title":"All I Really Need to Know I Learned in Kindergarten","language_code":"eng","id":6348,"ratings_count":15816,"original_series":"","authors":"Robert Fulghum","_id":"Zz7tXXEBhDwVijd9XFNL"}