{"image":"https://s.gr-assets.com/assets/nophoto/book/111x148-bcc042a9c91a29c1d680899eff700a03.png","average_rating_rounded":4,"books_count":60,"original_title":"Heartbreaker","image_medium":"https://s.gr-assets.com/assets/nophoto/book/111x148-bcc042a9c91a29c1d680899eff700a03.png","isbn":"1416503811","average_rating":4.02,"original_publication_year":2000,"title":"Heartbreaker (Buchanan-Renard, #1)","language_code":"en-US","id":6372,"ratings_count":19000,"original_series":"Buchanan-Renard","authors":"Julie Garwood","_id":"Tz7tXXEBhDwVijd9XFNL"}