{"image":"https://s.gr-assets.com/assets/nophoto/book/111x148-bcc042a9c91a29c1d680899eff700a03.png","average_rating_rounded":4,"books_count":38,"original_title":"The Whipping Boy","image_medium":"https://s.gr-assets.com/assets/nophoto/book/111x148-bcc042a9c91a29c1d680899eff700a03.png","isbn":"60521228","average_rating":3.54,"original_publication_year":1986,"title":"The Whipping Boy","language_code":"eng","id":6427,"ratings_count":18090,"original_series":"","authors":"Sid Fleischman, Peter Sís","_id":"GD7tXXEBhDwVijd9XFNL"}