{"image":"https://s.gr-assets.com/assets/nophoto/book/111x148-bcc042a9c91a29c1d680899eff700a03.png","average_rating_rounded":4,"books_count":37,"original_title":"The Cove","image_medium":"https://s.gr-assets.com/assets/nophoto/book/111x148-bcc042a9c91a29c1d680899eff700a03.png","isbn":"399150862","average_rating":3.86,"original_publication_year":1996,"title":"The Cove  (FBI Thriller #1)","language_code":"en-US","id":6519,"ratings_count":17561,"original_series":"FBI Thriller ","authors":"Catherine Coulter","_id":"uT7tXXEBhDwVijd9XFJL"}