{"image":"https://s.gr-assets.com/assets/nophoto/book/111x148-bcc042a9c91a29c1d680899eff700a03.png","average_rating_rounded":4,"books_count":35,"original_title":"The neon rain","image_medium":"https://s.gr-assets.com/assets/nophoto/book/111x148-bcc042a9c91a29c1d680899eff700a03.png","isbn":"753820331","average_rating":3.98,"original_publication_year":1987,"title":"The Neon Rain (Dave Robicheaux, #1)","language_code":"eng","id":6523,"ratings_count":14693,"original_series":"Dave Robicheaux","authors":"James Lee Burke","_id":"tT7tXXEBhDwVijd9XFJL"}