{"image":"https://s.gr-assets.com/assets/nophoto/book/111x148-bcc042a9c91a29c1d680899eff700a03.png","average_rating_rounded":4,"books_count":25,"original_title":"Equus : a play","image_medium":"https://s.gr-assets.com/assets/nophoto/book/111x148-bcc042a9c91a29c1d680899eff700a03.png","isbn":"140260706","average_rating":3.94,"original_publication_year":1973,"title":"Equus","language_code":"eng","id":6535,"ratings_count":15126,"original_series":"","authors":"Peter Shaffer","_id":"qz7tXXEBhDwVijd9XFJL"}