{"image":"https://images.gr-assets.com/books/1334491180l/852470.jpg","average_rating_rounded":4,"books_count":58,"original_title":"I'd Tell You I Love You, But Then I'd Have to Kill You","image_medium":"https://images.gr-assets.com/books/1334491180m/852470.jpg","isbn":"1423100034","average_rating":3.82,"original_publication_year":2006,"title":"I'd Tell You I Love You, But Then I'd Have to Kill You (Gallagher Girls, #1)","language_code":"en-US","id":656,"ratings_count":150222,"original_series":"Gallagher Girls","authors":"Ally Carter","_id":"kj7tXXEBhDwVijd9XFJL"}