{"image":"https://s.gr-assets.com/assets/nophoto/book/111x148-bcc042a9c91a29c1d680899eff700a03.png","average_rating_rounded":4,"books_count":28,"original_title":"名探偵コナン 1","image_medium":"https://s.gr-assets.com/assets/nophoto/book/111x148-bcc042a9c91a29c1d680899eff700a03.png","isbn":"1591163277","average_rating":4.36,"original_publication_year":1994,"title":"Case Closed, Vol. 1","language_code":"eng","id":6574,"ratings_count":12867,"original_series":"","authors":"Gosho Aoyama","_id":"gz7tXXEBhDwVijd9XFJL"}