{"image":"https://images.gr-assets.com/books/1320457250l/2176873.jpg","average_rating_rounded":4,"books_count":5,"original_title":"Martha Stewart's Cookies","image_medium":"https://images.gr-assets.com/books/1320457250m/2176873.jpg","isbn":"307394549","average_rating":4.04,"original_publication_year":2008,"title":"Martha Stewart's Cookies: The Very Best Treats to Bake and to Share","language_code":"eng","id":6626,"ratings_count":13991,"original_series":"","authors":"Martha Stewart, Victor Schrager","_id":"TT7tXXEBhDwVijd9XFJL"}