{"image":"https://images.gr-assets.com/books/1484915793l/5599692.jpg","average_rating_rounded":4,"books_count":18,"original_title":"Batman: Whatever Happened to the Caped Crusader?","image_medium":"https://images.gr-assets.com/books/1484915793m/5599692.jpg","isbn":"1401223036","average_rating":3.97,"original_publication_year":2009,"title":"Batman: Whatever Happened to the Caped Crusader?","language_code":"eng","id":6630,"ratings_count":14359,"original_series":"","authors":"Neil Gaiman, Andy Kubert, Matt Wagner, Simon Bisley, Bernie Mireault, Mark Buckingham","_id":"SD7tXXEBhDwVijd9XFJL"}