{"image":"https://s.gr-assets.com/assets/nophoto/book/111x148-bcc042a9c91a29c1d680899eff700a03.png","average_rating_rounded":4,"books_count":46,"original_title":"Innocent in Death (In Death, #24)","image_medium":"https://s.gr-assets.com/assets/nophoto/book/111x148-bcc042a9c91a29c1d680899eff700a03.png","isbn":"399154019","average_rating":4.36,"original_publication_year":2007,"title":"Innocent in Death (In Death, #24)","language_code":"en-US","id":6763,"ratings_count":19210,"original_series":"In Death","authors":"J.D. Robb","_id":"wD7tXXEBhDwVijd9XFFL"}