{"image":"https://s.gr-assets.com/assets/nophoto/book/111x148-bcc042a9c91a29c1d680899eff700a03.png","average_rating_rounded":4,"books_count":105,"original_title":"A Bend in the Road","image_medium":"https://s.gr-assets.com/assets/nophoto/book/111x148-bcc042a9c91a29c1d680899eff700a03.png","isbn":"446696137","average_rating":4.02,"original_publication_year":2001,"title":"A Bend in the Road","language_code":"eng","id":683,"ratings_count":116800,"original_series":"","authors":"Nicholas Sparks","_id":"ez7tXXEBhDwVijd9XFFL"}