{"image":"https://images.gr-assets.com/books/1320544923l/8242117.jpg","average_rating_rounded":4,"books_count":27,"original_title":"I remember nothing and other reflections","image_medium":"https://images.gr-assets.com/books/1320544923m/8242117.jpg","isbn":"307595609","average_rating":3.73,"original_publication_year":2010,"title":"I Remember Nothing: and Other Reflections","language_code":"en-US","id":6866,"ratings_count":13875,"original_series":"","authors":"Nora Ephron","_id":"Vj7tXXEBhDwVijd9XFFL"}