{"image":"https://s.gr-assets.com/assets/nophoto/book/111x148-bcc042a9c91a29c1d680899eff700a03.png","average_rating_rounded":4,"books_count":64,"original_title":"A Home at the End of the World","image_medium":"https://s.gr-assets.com/assets/nophoto/book/111x148-bcc042a9c91a29c1d680899eff700a03.png","isbn":"312424086","average_rating":3.89,"original_publication_year":1990,"title":"A Home at the End of the World","language_code":"en-US","id":6889,"ratings_count":13228,"original_series":"","authors":"Michael Cunningham","_id":"Pz7tXXEBhDwVijd9XFFL"}