{"image":"https://s.gr-assets.com/assets/nophoto/book/111x148-bcc042a9c91a29c1d680899eff700a03.png","average_rating_rounded":4,"books_count":22,"original_title":"Napalm & Silly Putty","image_medium":"https://s.gr-assets.com/assets/nophoto/book/111x148-bcc042a9c91a29c1d680899eff700a03.png","isbn":"786887583","average_rating":4.12,"original_publication_year":2001,"title":"Napalm & Silly Putty","language_code":"eng","id":6919,"ratings_count":12798,"original_series":"","authors":"George Carlin","_id":"Hz7tXXEBhDwVijd9XFFL"}