{"image":"https://s.gr-assets.com/assets/nophoto/book/111x148-bcc042a9c91a29c1d680899eff700a03.png","average_rating_rounded":4,"books_count":45,"original_title":"The Twenty-One Balloons","image_medium":"https://s.gr-assets.com/assets/nophoto/book/111x148-bcc042a9c91a29c1d680899eff700a03.png","isbn":"140320970","average_rating":3.96,"original_publication_year":1947,"title":"The Twenty-One Balloons","language_code":"en-US","id":6935,"ratings_count":17385,"original_series":"","authors":"William Pène du Bois","_id":"Dj7tXXEBhDwVijd9XFFK"}