{"image":"https://images.gr-assets.com/books/1392577290l/18214414.jpg","average_rating_rounded":4,"books_count":109,"original_title":"The Silkworm","image_medium":"https://images.gr-assets.com/books/1392577290m/18214414.jpg","isbn":"316206873","average_rating":4.03,"original_publication_year":2014,"title":"The Silkworm (Cormoran Strike, #2)","language_code":"eng","id":695,"ratings_count":120008,"original_series":"Cormoran Strike","authors":"Robert Galbraith, J.K. Rowling","_id":"AD7tXXEBhDwVijd9XFFK"}