{"image":"https://s.gr-assets.com/assets/nophoto/book/111x148-bcc042a9c91a29c1d680899eff700a03.png","average_rating_rounded":4,"books_count":43,"original_title":"The Damnation Game","image_medium":"https://s.gr-assets.com/assets/nophoto/book/111x148-bcc042a9c91a29c1d680899eff700a03.png","isbn":"425188930","average_rating":3.82,"original_publication_year":1985,"title":"The Damnation Game","language_code":"eng","id":7021,"ratings_count":14299,"original_series":"","authors":"Clive Barker","_id":"tT7tXXEBhDwVijd9XFBK"}