{"image":"https://s.gr-assets.com/assets/nophoto/book/111x148-bcc042a9c91a29c1d680899eff700a03.png","average_rating_rounded":4,"books_count":158,"original_title":"The Black Cat","image_medium":"https://s.gr-assets.com/assets/nophoto/book/111x148-bcc042a9c91a29c1d680899eff700a03.png","isbn":"1594561753","average_rating":4.07,"original_publication_year":1843,"title":"The Black Cat","language_code":"eng","id":7037,"ratings_count":16132,"original_series":"","authors":"Edgar Allan Poe","_id":"pT7tXXEBhDwVijd9XFBK"}