{"image":"https://images.gr-assets.com/books/1446490168l/6606855.jpg","average_rating_rounded":4,"books_count":15,"original_title":"デッドマン・ワンダーランド 1","image_medium":"https://images.gr-assets.com/books/1446490168m/6606855.jpg","isbn":"1427817413","average_rating":4.2,"original_publication_year":2007,"title":"Deadman Wonderland, Volume 1 (Deadman Wonderland, #1)","language_code":"eng","id":7076,"ratings_count":12932,"original_series":"Deadman Wonderland","authors":"Jinsei Kataoka, Kazuma Kondou","_id":"fj7tXXEBhDwVijd9XFBK"}