{"image":"https://s.gr-assets.com/assets/nophoto/book/111x148-bcc042a9c91a29c1d680899eff700a03.png","average_rating_rounded":4,"books_count":40,"original_title":"The Sentry","image_medium":"https://s.gr-assets.com/assets/nophoto/book/111x148-bcc042a9c91a29c1d680899eff700a03.png","isbn":"399157077","average_rating":4.2,"original_publication_year":2011,"title":"The Sentry (Elvis Cole, #14; Joe Pike, #3)","language_code":"eng","id":7099,"ratings_count":14248,"original_series":"Elvis Cole","authors":"Robert Crais","_id":"aD7tXXEBhDwVijd9XFBK"}