{"image":"https://s.gr-assets.com/assets/nophoto/book/111x148-bcc042a9c91a29c1d680899eff700a03.png","average_rating_rounded":4,"books_count":92,"original_title":"Mannen som log","image_medium":"https://s.gr-assets.com/assets/nophoto/book/111x148-bcc042a9c91a29c1d680899eff700a03.png","isbn":"1565849930","average_rating":3.93,"original_publication_year":1994,"title":"The Man Who Smiled (Kurt Wallander, #4)","language_code":"eng","id":7109,"ratings_count":12545,"original_series":"Kurt Wallander","authors":"Henning Mankell, Laurie Thompson","_id":"XT7tXXEBhDwVijd9XFBK"}