{"image":"https://images.gr-assets.com/books/1446829335l/24934065.jpg","average_rating_rounded":4,"books_count":33,"original_title":"Rebel of the Sands","image_medium":"https://images.gr-assets.com/books/1446829335m/24934065.jpg","isbn":"698410424","average_rating":3.96,"original_publication_year":2016,"title":"Rebel of the Sands (Rebel of the Sands, #1)","language_code":"eng","id":7148,"ratings_count":16789,"original_series":"Rebel of the Sands","authors":"Alwyn Hamilton","_id":"Mj7tXXEBhDwVijd9RFCK"}