{"image":"https://s.gr-assets.com/assets/nophoto/book/111x148-bcc042a9c91a29c1d680899eff700a03.png","average_rating_rounded":4,"books_count":27,"original_title":"Heartless","image_medium":"https://s.gr-assets.com/assets/nophoto/book/111x148-bcc042a9c91a29c1d680899eff700a03.png","isbn":"316127191","average_rating":4.07,"original_publication_year":2011,"title":"Heartless (Parasol Protectorate, #4)","language_code":"eng","id":7164,"ratings_count":22670,"original_series":"Parasol Protectorate","authors":"Gail Carriger","_id":"ID7tXXEBhDwVijd9RFCK"}