{"image":"https://s.gr-assets.com/assets/nophoto/book/111x148-bcc042a9c91a29c1d680899eff700a03.png","average_rating_rounded":4,"books_count":31,"original_title":"All-of-a-Kind Family","image_medium":"https://s.gr-assets.com/assets/nophoto/book/111x148-bcc042a9c91a29c1d680899eff700a03.png","isbn":"385732953","average_rating":4.23,"original_publication_year":1951,"title":"All-of-a-Kind Family (All-of-a-Kind Family, #1)","language_code":"eng","id":7236,"ratings_count":18383,"original_series":"All-of-a-Kind Family","authors":"Sydney Taylor","_id":"3j7tXXEBhDwVijd9RE-K"}