{"image":"https://s.gr-assets.com/assets/nophoto/book/111x148-bcc042a9c91a29c1d680899eff700a03.png","average_rating_rounded":4,"books_count":77,"original_title":"Rikki-Tikki-Tavi","image_medium":"https://s.gr-assets.com/assets/nophoto/book/111x148-bcc042a9c91a29c1d680899eff700a03.png","isbn":"688143202","average_rating":3.96,"original_publication_year":1894,"title":"Rikki-Tikki-Tavi","language_code":"","id":7298,"ratings_count":13851,"original_series":"","authors":"Rudyard Kipling, Jerry Pinkney","_id":"nD7tXXEBhDwVijd9RE-K"}