{"image":"https://images.gr-assets.com/books/1411868332l/8269450.jpg","average_rating_rounded":4,"books_count":13,"original_title":"Darkest Powers Trilogy (Darkest Powers, #1-3)","image_medium":"https://images.gr-assets.com/books/1411868332m/8269450.jpg","isbn":"385670516","average_rating":4.47,"original_publication_year":2009,"title":"Darkest Powers Trilogy (Darkest Powers, #1-3)","language_code":"eng","id":7324,"ratings_count":14473,"original_series":"Darkest Powers","authors":"Kelley Armstrong","_id":"gT7tXXEBhDwVijd9RE-K"}