{"image":"https://s.gr-assets.com/assets/nophoto/book/111x148-bcc042a9c91a29c1d680899eff700a03.png","average_rating_rounded":4,"books_count":28,"original_title":"Wicca: A Guide for the Solitary Practitioner","image_medium":"https://s.gr-assets.com/assets/nophoto/book/111x148-bcc042a9c91a29c1d680899eff700a03.png","isbn":"875421180","average_rating":4.01,"original_publication_year":1988,"title":"Wicca: A Guide for the Solitary Practitioner","language_code":"en-US","id":7332,"ratings_count":12264,"original_series":"","authors":"Scott Cunningham","_id":"eD7tXXEBhDwVijd9RE-K"}