{"image":"https://images.gr-assets.com/books/1485528243l/23766634.jpg","average_rating_rounded":5,"books_count":18,"original_title":"A Court of Wings and Ruin","image_medium":"https://images.gr-assets.com/books/1485528243m/23766634.jpg","isbn":"1408857901","average_rating":4.54,"original_publication_year":2017,"title":"A Court of Wings and Ruin (A Court of Thorns and Roses, #3)","language_code":"eng","id":7373,"ratings_count":55037,"original_series":"A Court of Thorns and Roses","authors":"Sarah J. Maas","_id":"TD7tXXEBhDwVijd9RE-K"}