{"image":"https://s.gr-assets.com/assets/nophoto/book/111x148-bcc042a9c91a29c1d680899eff700a03.png","average_rating_rounded":4,"books_count":36,"original_title":"Skin Tight","image_medium":"https://s.gr-assets.com/assets/nophoto/book/111x148-bcc042a9c91a29c1d680899eff700a03.png","isbn":"446695696","average_rating":3.96,"original_publication_year":1989,"title":"Skin Tight (Mick Stranahan, #1)","language_code":"en-US","id":7426,"ratings_count":13039,"original_series":"Mick Stranahan","authors":"Carl Hiaasen","_id":"FD7tXXEBhDwVijd9RE-K"}