{"image":"https://s.gr-assets.com/assets/nophoto/book/111x148-bcc042a9c91a29c1d680899eff700a03.png","average_rating_rounded":4,"books_count":153,"original_title":"The Power of Now","image_medium":"https://s.gr-assets.com/assets/nophoto/book/111x148-bcc042a9c91a29c1d680899eff700a03.png","isbn":"1577314808","average_rating":4.1,"original_publication_year":1997,"title":"The Power of Now: A Guide to Spiritual Enlightenment","language_code":"eng","id":744,"ratings_count":104549,"original_series":"","authors":"Eckhart Tolle","_id":"BT7tXXEBhDwVijd9RE-K"}