{"image":"https://s.gr-assets.com/assets/nophoto/book/111x148-bcc042a9c91a29c1d680899eff700a03.png","average_rating_rounded":4,"books_count":24,"original_title":"Tourist Season","image_medium":"https://s.gr-assets.com/assets/nophoto/book/111x148-bcc042a9c91a29c1d680899eff700a03.png","isbn":"446695718","average_rating":3.95,"original_publication_year":1986,"title":"Tourist Season","language_code":"en-US","id":7471,"ratings_count":13850,"original_series":"","authors":"Carl Hiaasen","_id":"5D7tXXEBhDwVijd9RE6K"}