{"image":"https://images.gr-assets.com/books/1402425002l/11808919.jpg","average_rating_rounded":4,"books_count":24,"original_title":"Maid for Love (Gansett Island Series, #1)","image_medium":"https://images.gr-assets.com/books/1402425002m/11808919.jpg","isbn":"","average_rating":3.98,"original_publication_year":2011,"title":"Maid for Love (Gansett Island Series, #1)","language_code":"eng","id":7488,"ratings_count":14989,"original_series":"Gansett Island Series","authors":"Marie Force","_id":"0z7tXXEBhDwVijd9RE6K"}