{"image":"https://images.gr-assets.com/books/1320458644l/688663.jpg","average_rating_rounded":4,"books_count":12,"original_title":"The Art of Simple Food: Notes and Recipes from a Delicious Revolution","image_medium":"https://images.gr-assets.com/books/1320458644m/688663.jpg","isbn":"307336794","average_rating":4.11,"original_publication_year":2007,"title":"The Art of Simple Food: Notes, Lessons, and Recipes from a Delicious Revolution","language_code":"","id":7518,"ratings_count":13022,"original_series":"","authors":"Alice Waters","_id":"sz7tXXEBhDwVijd9RE6K"}