{"image":"https://s.gr-assets.com/assets/nophoto/book/111x148-bcc042a9c91a29c1d680899eff700a03.png","average_rating_rounded":4,"books_count":14,"original_title":"The Areas of My Expertise","image_medium":"https://s.gr-assets.com/assets/nophoto/book/111x148-bcc042a9c91a29c1d680899eff700a03.png","isbn":"1594482225","average_rating":3.81,"original_publication_year":2005,"title":"The Areas of My Expertise: An Almanac of Complete World Knowledge Compiled with Instructive Annotation and Arranged in Useful Order","language_code":"en-US","id":7522,"ratings_count":11246,"original_series":"","authors":"John Hodgman","_id":"rj7tXXEBhDwVijd9RE6K"}