{"image":"https://s.gr-assets.com/assets/nophoto/book/111x148-bcc042a9c91a29c1d680899eff700a03.png","average_rating_rounded":4,"books_count":18,"original_title":"Prophet","image_medium":"https://s.gr-assets.com/assets/nophoto/book/111x148-bcc042a9c91a29c1d680899eff700a03.png","isbn":"1581345267","average_rating":3.92,"original_publication_year":1992,"title":"Prophet","language_code":"en-US","id":7534,"ratings_count":11708,"original_series":"","authors":"Frank E. Peretti","_id":"oz7tXXEBhDwVijd9RE6K"}