{"image":"https://s.gr-assets.com/assets/nophoto/book/111x148-bcc042a9c91a29c1d680899eff700a03.png","average_rating_rounded":4,"books_count":48,"original_title":"Rabbit Is Rich","image_medium":"https://s.gr-assets.com/assets/nophoto/book/111x148-bcc042a9c91a29c1d680899eff700a03.png","isbn":"140249435","average_rating":3.9,"original_publication_year":1981,"title":"Rabbit Is Rich (Rabbit Angstrom #3)","language_code":"eng","id":7563,"ratings_count":12455,"original_series":"Rabbit Angstrom ","authors":"John Updike","_id":"hD7tXXEBhDwVijd9RE6K"}