{"image":"https://s.gr-assets.com/assets/nophoto/book/111x148-bcc042a9c91a29c1d680899eff700a03.png","average_rating_rounded":4,"books_count":11,"original_title":"International Flavor","image_medium":"https://s.gr-assets.com/assets/nophoto/book/111x148-bcc042a9c91a29c1d680899eff700a03.png","isbn":"1607062607","average_rating":4.13,"original_publication_year":2010,"title":"Chew, Vol. 2: International Flavor","language_code":"eng","id":7666,"ratings_count":13134,"original_series":"","authors":"John Layman, Rob Guillory","_id":"Gz7tXXEBhDwVijd9RE6K"}