{"image":"https://s.gr-assets.com/assets/nophoto/book/111x148-bcc042a9c91a29c1d680899eff700a03.png","average_rating_rounded":4,"books_count":21,"original_title":"Finding Nemo","image_medium":"https://s.gr-assets.com/assets/nophoto/book/111x148-bcc042a9c91a29c1d680899eff700a03.png","isbn":"1591827582","average_rating":4.47,"original_publication_year":1996,"title":"Finding Nemo","language_code":"","id":7689,"ratings_count":12160,"original_series":"","authors":"Andrew Stanton, Walt Disney Company","_id":"Bj7tXXEBhDwVijd9RE6K"}