{"image":"https://images.gr-assets.com/books/1312021413l/1747896.jpg","average_rating_rounded":3,"books_count":43,"original_title":"The Suspicions of Mr. Whicher: Murder and the Undoing of a Great Victorian Detective","image_medium":"https://images.gr-assets.com/books/1312021413m/1747896.jpg","isbn":"802715354","average_rating":3.43,"original_publication_year":2008,"title":"The Suspicions of Mr. Whicher: A Shocking Murder and the Undoing of a Great Victorian Detective","language_code":"en-US","id":7735,"ratings_count":11316,"original_series":"","authors":"Kate Summerscale","_id":"1z7tXXEBhDwVijd9RE2K"}