{"image":"https://images.gr-assets.com/books/1344266322l/6422680.jpg","average_rating_rounded":4,"books_count":34,"original_title":"Lunch in Paris: A Love Story, with Recipes","image_medium":"https://images.gr-assets.com/books/1344266322m/6422680.jpg","isbn":"031604279X","average_rating":3.67,"original_publication_year":2010,"title":"Lunch in Paris: A Love Story, with Recipes","language_code":"eng","id":7774,"ratings_count":11458,"original_series":"","authors":"Elizabeth Bard","_id":"rj7tXXEBhDwVijd9RE2K"}