{"image":"https://s.gr-assets.com/assets/nophoto/book/111x148-bcc042a9c91a29c1d680899eff700a03.png","average_rating_rounded":4,"books_count":53,"original_title":"Shock Wave","image_medium":"https://s.gr-assets.com/assets/nophoto/book/111x148-bcc042a9c91a29c1d680899eff700a03.png","isbn":"743449673","average_rating":3.93,"original_publication_year":1996,"title":"Shock Wave (Dirk Pitt, #13)","language_code":"en-GB","id":7830,"ratings_count":12527,"original_series":"Dirk Pitt","authors":"Clive Cussler","_id":"cj7tXXEBhDwVijd9RE2K"}