{"image":"https://s.gr-assets.com/assets/nophoto/book/111x148-bcc042a9c91a29c1d680899eff700a03.png","average_rating_rounded":4,"books_count":27,"original_title":"First Rider's Call","image_medium":"https://s.gr-assets.com/assets/nophoto/book/111x148-bcc042a9c91a29c1d680899eff700a03.png","isbn":"756401933","average_rating":4.2,"original_publication_year":2003,"title":"First Rider's Call (Green Rider, #2)","language_code":"eng","id":7888,"ratings_count":16292,"original_series":"Green Rider","authors":"Kristen Britain","_id":"Oz7tXXEBhDwVijd9RE2K"}