{"image":"https://images.gr-assets.com/books/1331468259l/8643220.jpg","average_rating_rounded":4,"books_count":9,"original_title":"Vampire Academy: The Graphic Novel","image_medium":"https://images.gr-assets.com/books/1331468259m/8643220.jpg","isbn":"1595144293","average_rating":4.11,"original_publication_year":2011,"title":"Vampire Academy: The Graphic Novel (Vampire Academy: The Graphic Novel, #1)","language_code":"","id":7922,"ratings_count":13445,"original_series":"Vampire Academy: The Graphic Novel","authors":"Richelle Mead, Emma Vieceli, Leigh Dragoon","_id":"GT7tXXEBhDwVijd9RE2K"}