{"image":"https://s.gr-assets.com/assets/nophoto/book/111x148-bcc042a9c91a29c1d680899eff700a03.png","average_rating_rounded":4,"books_count":20,"original_title":"Savannah Breeze","image_medium":"https://s.gr-assets.com/assets/nophoto/book/111x148-bcc042a9c91a29c1d680899eff700a03.png","isbn":"60564679","average_rating":4.05,"original_publication_year":2006,"title":"Savannah Breeze (Weezie and Bebe Mysteries, #2)","language_code":"eng","id":7959,"ratings_count":13053,"original_series":"Weezie and Bebe Mysteries","authors":"Mary Kay Andrews","_id":"9T7tXXEBhDwVijd9REyK"}