{"image":"https://s.gr-assets.com/assets/nophoto/book/111x148-bcc042a9c91a29c1d680899eff700a03.png","average_rating_rounded":4,"books_count":13,"original_title":"彼氏彼女の事情 #1","image_medium":"https://s.gr-assets.com/assets/nophoto/book/111x148-bcc042a9c91a29c1d680899eff700a03.png","isbn":"1931514798","average_rating":3.96,"original_publication_year":1996,"title":"Kare Kano: His and Her Circumstances, Vol. 1","language_code":"en-US","id":8004,"ratings_count":12863,"original_series":"","authors":"Masami Tsuda, Darcy Lockman, Jack Niida","_id":"xz7tXXEBhDwVijd9REyK"}