{"image":"https://s.gr-assets.com/assets/nophoto/book/111x148-bcc042a9c91a29c1d680899eff700a03.png","average_rating_rounded":4,"books_count":54,"original_title":"Verhaaltjes, en gebeurtenissen uit het Achterhuis. Cady's leven","image_medium":"https://s.gr-assets.com/assets/nophoto/book/111x148-bcc042a9c91a29c1d680899eff700a03.png","isbn":"553586386","average_rating":4.23,"original_publication_year":1960,"title":"Anne Frank's Tales from the Secret Annex","language_code":"","id":8028,"ratings_count":10587,"original_series":"","authors":"Anne Frank, Susan Massotty","_id":"rT7tXXEBhDwVijd9REyK"}