{"image":"https://s.gr-assets.com/assets/nophoto/book/111x148-bcc042a9c91a29c1d680899eff700a03.png","average_rating_rounded":4,"books_count":9,"original_title":"Take the Cannoli: Stories from the New World","image_medium":"https://s.gr-assets.com/assets/nophoto/book/111x148-bcc042a9c91a29c1d680899eff700a03.png","isbn":"141006579","average_rating":3.86,"original_publication_year":2000,"title":"Take the Cannoli","language_code":"","id":8045,"ratings_count":10235,"original_series":"","authors":"Sarah Vowell","_id":"mz7tXXEBhDwVijd9REyK"}