{"image":"https://s.gr-assets.com/assets/nophoto/book/111x148-bcc042a9c91a29c1d680899eff700a03.png","average_rating_rounded":4,"books_count":47,"original_title":"The Lord God Made Them All","image_medium":"https://s.gr-assets.com/assets/nophoto/book/111x148-bcc042a9c91a29c1d680899eff700a03.png","isbn":"312966202","average_rating":4.39,"original_publication_year":1981,"title":"The Lord God Made Them All","language_code":"en-US","id":8053,"ratings_count":12510,"original_series":"","authors":"James Herriot","_id":"lD7tXXEBhDwVijd9REyK"}