{"image":"https://s.gr-assets.com/assets/nophoto/book/111x148-bcc042a9c91a29c1d680899eff700a03.png","average_rating_rounded":4,"books_count":42,"original_title":"Scruples","image_medium":"https://s.gr-assets.com/assets/nophoto/book/111x148-bcc042a9c91a29c1d680899eff700a03.png","isbn":"297775340","average_rating":3.8,"original_publication_year":1978,"title":"Scruples","language_code":"eng","id":8090,"ratings_count":12465,"original_series":"","authors":"Judith Krantz","_id":"bT7tXXEBhDwVijd9MkwX"}