{"image":"https://s.gr-assets.com/assets/nophoto/book/111x148-bcc042a9c91a29c1d680899eff700a03.png","average_rating_rounded":5,"books_count":13,"original_title":"The Tale of Three Trees: A Traditional Folktale","image_medium":"https://s.gr-assets.com/assets/nophoto/book/111x148-bcc042a9c91a29c1d680899eff700a03.png","isbn":"745917437","average_rating":4.52,"original_publication_year":1989,"title":"The Tale of Three Trees","language_code":"en-US","id":8213,"ratings_count":13226,"original_series":"","authors":"Angela Elwell Hunt, Tim Jonke","_id":"8j7tXXEBhDwVijd9MksX"}