{"image":"https://images.gr-assets.com/books/1311648121l/419083.jpg","average_rating_rounded":4,"books_count":37,"original_title":"Killing Pablo: The Hunt for the World's Greatest Outlaw","image_medium":"https://images.gr-assets.com/books/1311648121m/419083.jpg","isbn":"142000957","average_rating":3.93,"original_publication_year":2001,"title":"Killing Pablo: The Hunt for the World's Greatest Outlaw","language_code":"","id":8229,"ratings_count":9469,"original_series":"","authors":"Mark Bowden","_id":"4j7tXXEBhDwVijd9MksX"}