{"image":"https://s.gr-assets.com/assets/nophoto/book/111x148-bcc042a9c91a29c1d680899eff700a03.png","average_rating_rounded":4,"books_count":29,"original_title":"Embrace the Night","image_medium":"https://s.gr-assets.com/assets/nophoto/book/111x148-bcc042a9c91a29c1d680899eff700a03.png","isbn":"451461991","average_rating":4.09,"original_publication_year":2008,"title":"Embrace the Night (Cassandra Palmer, #3)","language_code":"en-US","id":8244,"ratings_count":19294,"original_series":"Cassandra Palmer","authors":"Karen Chance","_id":"0j7tXXEBhDwVijd9MksX"}