{"image":"https://s.gr-assets.com/assets/nophoto/book/111x148-bcc042a9c91a29c1d680899eff700a03.png","average_rating_rounded":4,"books_count":15,"original_title":"Magic and Other Misdemeanors","image_medium":"https://s.gr-assets.com/assets/nophoto/book/111x148-bcc042a9c91a29c1d680899eff700a03.png","isbn":"810993589","average_rating":4.29,"original_publication_year":2007,"title":"Magic and Other Misdemeanors (The Sisters Grimm, #5)","language_code":"","id":8287,"ratings_count":15038,"original_series":"The Sisters Grimm","authors":"Michael Buckley, Peter Ferguson","_id":"pj7tXXEBhDwVijd9MksX"}