{"image":"https://s.gr-assets.com/assets/nophoto/book/111x148-bcc042a9c91a29c1d680899eff700a03.png","average_rating_rounded":4,"books_count":36,"original_title":"Dragons of Summer Flame","image_medium":"https://s.gr-assets.com/assets/nophoto/book/111x148-bcc042a9c91a29c1d680899eff700a03.png","isbn":"786901896","average_rating":3.84,"original_publication_year":1995,"title":"Dragons of Summer Flame (Dragonlance: The Second Generation, #2)","language_code":"eng","id":8317,"ratings_count":11465,"original_series":"Dragonlance: The Second Generation","authors":"Margaret Weis, Tracy Hickman","_id":"hz7tXXEBhDwVijd9MksX"}