{"image":"https://s.gr-assets.com/assets/nophoto/book/111x148-bcc042a9c91a29c1d680899eff700a03.png","average_rating_rounded":4,"books_count":20,"original_title":"The Second Assistant: A Tale from the Bottom of the Hollywood Ladder","image_medium":"https://s.gr-assets.com/assets/nophoto/book/111x148-bcc042a9c91a29c1d680899eff700a03.png","isbn":"452286107","average_rating":3.52,"original_publication_year":2004,"title":"The Second Assistant: A Tale from the Bottom of the Hollywood Ladder","language_code":"en-US","id":8356,"ratings_count":11268,"original_series":"","authors":"Clare Naylor, Mimi Hare","_id":"Xj7tXXEBhDwVijd9MksX"}