{"image":"https://images.gr-assets.com/books/1334801023l/13513205.jpg","average_rating_rounded":4,"books_count":7,"original_title":"A Wrinkle in Time: The Graphic Novel","image_medium":"https://images.gr-assets.com/books/1334801023m/13513205.jpg","isbn":"374386153","average_rating":3.95,"original_publication_year":2012,"title":"A Wrinkle in Time: The Graphic Novel","language_code":"eng","id":8383,"ratings_count":12337,"original_series":"","authors":"Hope Larson, Madeleine L'Engle","_id":"QT7tXXEBhDwVijd9MksX"}