{"image":"https://s.gr-assets.com/assets/nophoto/book/111x148-bcc042a9c91a29c1d680899eff700a03.png","average_rating_rounded":4,"books_count":83,"original_title":"The Story of Philosophy","image_medium":"https://s.gr-assets.com/assets/nophoto/book/111x148-bcc042a9c91a29c1d680899eff700a03.png","isbn":"671739166","average_rating":4.09,"original_publication_year":1926,"title":"The Story of Philosophy: The Lives and Opinions of the World's Greatest Philosophers","language_code":"eng","id":8403,"ratings_count":8618,"original_series":"","authors":"Will Durant","_id":"Kz7tXXEBhDwVijd9MksX"}