{"image":"https://images.gr-assets.com/books/1388773547l/42900.jpg","average_rating_rounded":4,"books_count":52,"original_title":"Lover Awakened (Black Dagger Brotherhood, #3)","image_medium":"https://images.gr-assets.com/books/1388773547m/42900.jpg","isbn":"451219368","average_rating":4.45,"original_publication_year":2006,"title":"Lover Awakened (Black Dagger Brotherhood, #3)","language_code":"eng","id":841,"ratings_count":134249,"original_series":"Black Dagger Brotherhood","authors":"J.R. Ward","_id":"JT7tXXEBhDwVijd9MksX"}