{"image":"https://images.gr-assets.com/books/1284943754l/511240.jpg","average_rating_rounded":4,"books_count":16,"original_title":"よつばと! 1","image_medium":"https://images.gr-assets.com/books/1284943754m/511240.jpg","isbn":"1413903177","average_rating":4.34,"original_publication_year":2003,"title":"Yotsuba&!, Vol. 01 (Yotsuba&! #1)","language_code":"eng","id":8415,"ratings_count":12754,"original_series":"Yotsuba&! ","authors":"Kiyohiko Azuma, あずま きよひこ","_id":"Hz7tXXEBhDwVijd9MksX"}