{"image":"https://s.gr-assets.com/assets/nophoto/book/111x148-bcc042a9c91a29c1d680899eff700a03.png","average_rating_rounded":4,"books_count":44,"original_title":"Back When We Were Grownups","image_medium":"https://s.gr-assets.com/assets/nophoto/book/111x148-bcc042a9c91a29c1d680899eff700a03.png","isbn":"345477243","average_rating":3.51,"original_publication_year":2001,"title":"Back When We Were Grownups","language_code":"eng","id":8439,"ratings_count":13416,"original_series":"","authors":"Anne Tyler","_id":"CT7tXXEBhDwVijd9MksX"}