{"image":"https://images.gr-assets.com/books/1297699934l/5559.jpg","average_rating_rounded":4,"books_count":53,"original_title":"Jack: Straight from the Gut","image_medium":"https://images.gr-assets.com/books/1297699934m/5559.jpg","isbn":"5559608475","average_rating":3.79,"original_publication_year":2001,"title":"Jack: Straight from the Gut","language_code":"eng","id":8454,"ratings_count":9781,"original_series":"","authors":"Jack Welch, John A. Byrne, Mike Barnicle","_id":"-j7tXXEBhDwVijd9MkoX"}