{"image":"https://s.gr-assets.com/assets/nophoto/book/111x148-bcc042a9c91a29c1d680899eff700a03.png","average_rating_rounded":4,"books_count":21,"original_title":"The Relatives Came","image_medium":"https://s.gr-assets.com/assets/nophoto/book/111x148-bcc042a9c91a29c1d680899eff700a03.png","isbn":"689717385","average_rating":4.2,"original_publication_year":1985,"title":"The Relatives Came","language_code":"eng","id":8478,"ratings_count":13099,"original_series":"","authors":"Cynthia Rylant, Stephen Gammell","_id":"4j7tXXEBhDwVijd9MkoX"}