{"image":"https://images.gr-assets.com/books/1312031956l/6493321.jpg","average_rating_rounded":4,"books_count":35,"original_title":"Logicomix: An Epic Search for Truth","image_medium":"https://images.gr-assets.com/books/1312031956m/6493321.jpg","isbn":"1596914521","average_rating":4.01,"original_publication_year":2009,"title":"Logicomix: An epic search for truth","language_code":"en-US","id":8497,"ratings_count":11004,"original_series":"","authors":"Apostolos Doxiadis, Christos H. Papadimitriou, Alecos Papadatos, Annie Di Donna","_id":"zz7tXXEBhDwVijd9MkoX"}