{"image":"https://s.gr-assets.com/assets/nophoto/book/111x148-bcc042a9c91a29c1d680899eff700a03.png","average_rating_rounded":4,"books_count":24,"original_title":"Mouse Paint","image_medium":"https://s.gr-assets.com/assets/nophoto/book/111x148-bcc042a9c91a29c1d680899eff700a03.png","isbn":"152002650","average_rating":4.15,"original_publication_year":1989,"title":"Mouse Paint","language_code":"eng","id":8602,"ratings_count":12839,"original_series":"","authors":"Ellen Stoll Walsh","_id":"XT7tXXEBhDwVijd9MkoX"}