{"image":"https://s.gr-assets.com/assets/nophoto/book/111x148-bcc042a9c91a29c1d680899eff700a03.png","average_rating_rounded":4,"books_count":25,"original_title":"Revenge of the Spellmans","image_medium":"https://s.gr-assets.com/assets/nophoto/book/111x148-bcc042a9c91a29c1d680899eff700a03.png","isbn":"1416593381","average_rating":4.14,"original_publication_year":2009,"title":"Revenge of the Spellmans (The Spellmans, #3)","language_code":"en-US","id":8638,"ratings_count":14258,"original_series":"The Spellmans","authors":"Lisa Lutz","_id":"Oj7tXXEBhDwVijd9MkoX"}