{"image":"https://images.gr-assets.com/books/1352173057l/287861.jpg","average_rating_rounded":4,"books_count":51,"original_title":"Mortal Engines","image_medium":"https://images.gr-assets.com/books/1352173057m/287861.jpg","isbn":"60082097","average_rating":3.98,"original_publication_year":2001,"title":"Mortal Engines (The Hungry City Chronicles, #1)","language_code":"eng","id":8643,"ratings_count":12868,"original_series":"The Hungry City Chronicles","authors":"Philip Reeve","_id":"NT7tXXEBhDwVijd9MkoX"}