{"image":"https://images.gr-assets.com/books/1344271458l/9476510.jpg","average_rating_rounded":4,"books_count":12,"original_title":"Those Guys Have All the Fun: Inside the World of ESPN","image_medium":"https://images.gr-assets.com/books/1344271458m/9476510.jpg","isbn":"316043001","average_rating":3.69,"original_publication_year":2011,"title":"Those Guys Have All the Fun: Inside the World of ESPN","language_code":"en-US","id":8655,"ratings_count":9413,"original_series":"","authors":"James Andrew Miller, Tom Shales","_id":"Kj7tXXEBhDwVijd9MkoX"}