{"image":"https://images.gr-assets.com/books/1477230182l/254799.jpg","average_rating_rounded":4,"books_count":12,"original_title":"The Creative Habit: Learn It and Use It for Life","image_medium":"https://images.gr-assets.com/books/1477230182m/254799.jpg","isbn":"743235274","average_rating":4,"original_publication_year":2003,"title":"The Creative Habit: Learn It and Use It for Life","language_code":"eng","id":8747,"ratings_count":12838,"original_series":"","authors":"Twyla Tharp","_id":"yz7tXXEBhDwVijd9MkkX"}