{"image":"https://images.gr-assets.com/books/1352225908l/15985392.jpg","average_rating_rounded":4,"books_count":47,"original_title":"Threat Vector","image_medium":"https://images.gr-assets.com/books/1352225908m/15985392.jpg","isbn":"399160450","average_rating":4.1,"original_publication_year":2012,"title":"Threat Vector (Jack Ryan Universe, #15)","language_code":"en-US","id":8751,"ratings_count":8320,"original_series":"Jack Ryan Universe","authors":"Tom Clancy, Mark Greaney","_id":"xj7tXXEBhDwVijd9MkkX"}