{"image":"https://images.gr-assets.com/books/1327908745l/17877.jpg","average_rating_rounded":4,"books_count":313,"original_title":"Записки из Мёртвого дома","image_medium":"https://images.gr-assets.com/books/1327908745m/17877.jpg","isbn":"486434095","average_rating":4.03,"original_publication_year":1861,"title":"The House of the Dead","language_code":"eng","id":8792,"ratings_count":8354,"original_series":"","authors":"Fyodor Dostoyevsky, Ergin Altay","_id":"mz7tXXEBhDwVijd9MkkX"}