{"image":"https://s.gr-assets.com/assets/nophoto/book/111x148-bcc042a9c91a29c1d680899eff700a03.png","average_rating_rounded":4,"books_count":10,"original_title":"The Realm of Possibility","image_medium":"https://s.gr-assets.com/assets/nophoto/book/111x148-bcc042a9c91a29c1d680899eff700a03.png","isbn":"375836578","average_rating":3.94,"original_publication_year":2004,"title":"The Realm of Possibility","language_code":"en-US","id":8842,"ratings_count":13390,"original_series":"","authors":"David Levithan","_id":"aT7tXXEBhDwVijd9MkkX"}