{"image":"https://images.gr-assets.com/books/1410130190l/23885.jpg","average_rating_rounded":4,"books_count":24,"original_title":"El coronel no tiene quién le escriba","image_medium":"https://images.gr-assets.com/books/1410130190m/23885.jpg","isbn":"60751576","average_rating":3.86,"original_publication_year":1961,"title":"No One Writes to the Colonel and Other Stories","language_code":"","id":8878,"ratings_count":10480,"original_series":"","authors":"Gabriel García Márquez, J.S. Bernstein","_id":"RD7tXXEBhDwVijd9MkkX"}