{"image":"https://s.gr-assets.com/assets/nophoto/book/111x148-bcc042a9c91a29c1d680899eff700a03.png","average_rating_rounded":4,"books_count":31,"original_title":"Prisoner of my desire","image_medium":"https://s.gr-assets.com/assets/nophoto/book/111x148-bcc042a9c91a29c1d680899eff700a03.png","isbn":"380756277","average_rating":4.06,"original_publication_year":1991,"title":"Prisoner of My Desire","language_code":"","id":8897,"ratings_count":13391,"original_series":"","authors":"Johanna Lindsey","_id":"Lz7tXXEBhDwVijd9MkkX"}