{"image":"https://images.gr-assets.com/books/1403166178l/60551.jpg","average_rating_rounded":4,"books_count":26,"original_title":"The Book on the Taboo Against Knowing Who You Are","image_medium":"https://images.gr-assets.com/books/1403166178m/60551.jpg","isbn":"679723005","average_rating":4.28,"original_publication_year":1966,"title":"The Book on the Taboo Against Knowing Who You Are","language_code":"","id":8907,"ratings_count":9811,"original_series":"","authors":"Alan W. Watts","_id":"JD7tXXEBhDwVijd9MkkX"}