{"image":"https://images.gr-assets.com/books/1301789770l/10140661.jpg","average_rating_rounded":4,"books_count":50,"original_title":"Gabriel's Inferno","image_medium":"https://images.gr-assets.com/books/1301789770m/10140661.jpg","isbn":"1936305623","average_rating":4.02,"original_publication_year":2011,"title":"Gabriel's Inferno (Gabriel's Inferno, #1)","language_code":"eng","id":904,"ratings_count":119633,"original_series":"Gabriel's Inferno","authors":"Sylvain Reynard","_id":"oj7tXXEBhDwVijd9MkgX"}