{"image":"https://s.gr-assets.com/assets/nophoto/book/111x148-bcc042a9c91a29c1d680899eff700a03.png","average_rating_rounded":4,"books_count":14,"original_title":"The Vampire Chronicles","image_medium":"https://s.gr-assets.com/assets/nophoto/book/111x148-bcc042a9c91a29c1d680899eff700a03.png","isbn":"679410503","average_rating":4.25,"original_publication_year":1989,"title":"Vampire Chronicles: Interview with the Vampire, The Vampire Lestat, The Queen of the Damned (Anne Rice)","language_code":"eng","id":9044,"ratings_count":9592,"original_series":"Anne Rice","authors":"Anne Rice, Robert O'Keefe, F. Murray Abraham, Michael York, Kate Nelligan, David Purdham","_id":"nj7tXXEBhDwVijd9MkgX"}