{"image":"https://images.gr-assets.com/books/1396827029l/16061295.jpg","average_rating_rounded":4,"books_count":13,"original_title":"Sixth Grave on the Edge","image_medium":"https://images.gr-assets.com/books/1396827029m/16061295.jpg","isbn":"1250045630","average_rating":4.38,"original_publication_year":2014,"title":"Sixth Grave on the Edge (Charley Davidson, #6)","language_code":"en-US","id":9052,"ratings_count":17022,"original_series":"Charley Davidson","authors":"Darynda Jones","_id":"mD7tXXEBhDwVijd9MkgX"}