{"image":"https://s.gr-assets.com/assets/nophoto/book/111x148-bcc042a9c91a29c1d680899eff700a03.png","average_rating_rounded":4,"books_count":67,"original_title":"Moonlight Becomes You","image_medium":"https://s.gr-assets.com/assets/nophoto/book/111x148-bcc042a9c91a29c1d680899eff700a03.png","isbn":"743484304","average_rating":3.8,"original_publication_year":1996,"title":"Moonlight Becomes You","language_code":"eng","id":9068,"ratings_count":12657,"original_series":"","authors":"Mary Higgins Clark","_id":"iD7tXXEBhDwVijd9MkgW"}