{"image":"https://s.gr-assets.com/assets/nophoto/book/111x148-bcc042a9c91a29c1d680899eff700a03.png","average_rating_rounded":4,"books_count":25,"original_title":"The Lemonade War","image_medium":"https://s.gr-assets.com/assets/nophoto/book/111x148-bcc042a9c91a29c1d680899eff700a03.png","isbn":"618750436","average_rating":3.88,"original_publication_year":2007,"title":"The Lemonade War (The Lemonade War, #1)","language_code":"en-US","id":9087,"ratings_count":10293,"original_series":"The Lemonade War","authors":"Jacqueline Davies","_id":"wjftXXEBdEU4aeo6Gd2s"}