{"image":"https://s.gr-assets.com/assets/nophoto/book/111x148-bcc042a9c91a29c1d680899eff700a03.png","average_rating_rounded":4,"books_count":30,"original_title":"Personal Demon","image_medium":"https://s.gr-assets.com/assets/nophoto/book/111x148-bcc042a9c91a29c1d680899eff700a03.png","isbn":"553806610","average_rating":4.06,"original_publication_year":2008,"title":"Personal Demon (Women of the Otherworld, #8)","language_code":"eng","id":9140,"ratings_count":16371,"original_series":"Women of the Otherworld","authors":"Kelley Armstrong","_id":"kzftXXEBdEU4aeo6Gd2s"}