{"image":"https://s.gr-assets.com/assets/nophoto/book/111x148-bcc042a9c91a29c1d680899eff700a03.png","average_rating_rounded":4,"books_count":29,"original_title":"Amazing Grace","image_medium":"https://s.gr-assets.com/assets/nophoto/book/111x148-bcc042a9c91a29c1d680899eff700a03.png","isbn":"803710402","average_rating":4.33,"original_publication_year":1991,"title":"Amazing Grace","language_code":"en-US","id":9156,"ratings_count":10959,"original_series":"","authors":"Mary Hoffman, Caroline Binch","_id":"hDftXXEBdEU4aeo6Gd2s"}