{"image":"https://images.gr-assets.com/books/1411493281l/22608582.jpg","average_rating_rounded":4,"books_count":34,"original_title":"13 Hours: The Inside Account of What Really Happened In Benghazi","image_medium":"https://images.gr-assets.com/books/1411493281m/22608582.jpg","isbn":"1455530093","average_rating":4.26,"original_publication_year":2014,"title":"13 Hours: The Inside Account of What Really Happened In Benghazi","language_code":"eng","id":9183,"ratings_count":8692,"original_series":"","authors":"Mitchell Zuckoff","_id":"aDftXXEBdEU4aeo6Gd2s"}