{"image":"https://s.gr-assets.com/assets/nophoto/book/111x148-bcc042a9c91a29c1d680899eff700a03.png","average_rating_rounded":4,"books_count":12,"original_title":"For Love of Evil","image_medium":"https://s.gr-assets.com/assets/nophoto/book/111x148-bcc042a9c91a29c1d680899eff700a03.png","isbn":"380752859","average_rating":4.1,"original_publication_year":1988,"title":"For Love of Evil (Incarnations of Immortality, #6)","language_code":"","id":9195,"ratings_count":12399,"original_series":"Incarnations of Immortality","authors":"Piers Anthony","_id":"XDftXXEBdEU4aeo6Gd2s"}