{"image":"https://s.gr-assets.com/assets/nophoto/book/111x148-bcc042a9c91a29c1d680899eff700a03.png","average_rating_rounded":4,"books_count":23,"original_title":"Braveheart","image_medium":"https://s.gr-assets.com/assets/nophoto/book/111x148-bcc042a9c91a29c1d680899eff700a03.png","isbn":"671522817","average_rating":4.19,"original_publication_year":1995,"title":"Braveheart","language_code":"eng","id":9212,"ratings_count":10729,"original_series":"","authors":"Randall Wallace","_id":"STftXXEBdEU4aeo6Gd2s"}