{"image":"https://images.gr-assets.com/books/1480179107l/836611.jpg","average_rating_rounded":4,"books_count":15,"original_title":"フルーツバスケット 4","image_medium":"https://images.gr-assets.com/books/1480179107m/836611.jpg","isbn":"1591826063","average_rating":4.39,"original_publication_year":2000,"title":"Fruits Basket, Vol. 4","language_code":"en-US","id":9245,"ratings_count":15336,"original_series":"","authors":"Natsuki Takaya, Alethea Nibley, Athena Nibley","_id":"KjftXXEBdEU4aeo6Gd2s"}