{"image":"https://s.gr-assets.com/assets/nophoto/book/111x148-bcc042a9c91a29c1d680899eff700a03.png","average_rating_rounded":4,"books_count":21,"original_title":"If Life Is a Bowl of Cherries—What Am I Doing in the Pits?","image_medium":"https://s.gr-assets.com/assets/nophoto/book/111x148-bcc042a9c91a29c1d680899eff700a03.png","isbn":"449208397","average_rating":4.07,"original_publication_year":1971,"title":"If Life Is a Bowl of Cherries What Am I Doing in the Pits?","language_code":"en-US","id":9253,"ratings_count":10861,"original_series":"","authors":"Erma Bombeck","_id":"IzftXXEBdEU4aeo6Gd2s"}