{"image":"https://s.gr-assets.com/assets/nophoto/book/111x148-bcc042a9c91a29c1d680899eff700a03.png","average_rating_rounded":4,"books_count":27,"original_title":"Do No Harm: Stories of Life, Death and Brain Surgery","image_medium":"https://s.gr-assets.com/assets/nophoto/book/111x148-bcc042a9c91a29c1d680899eff700a03.png","isbn":"297869876","average_rating":4.22,"original_publication_year":2014,"title":"Do No Harm: Stories of Life, Death and Brain Surgery","language_code":"eng","id":9286,"ratings_count":7978,"original_series":"","authors":"Henry Marsh","_id":"BDftXXEBdEU4aeo6Gd2s"}