{"image":"https://s.gr-assets.com/assets/nophoto/book/111x148-bcc042a9c91a29c1d680899eff700a03.png","average_rating_rounded":3,"books_count":19,"original_title":"Batman: The Dark Knight Strikes Again","image_medium":"https://s.gr-assets.com/assets/nophoto/book/111x148-bcc042a9c91a29c1d680899eff700a03.png","isbn":"1563899299","average_rating":3.21,"original_publication_year":2001,"title":"Batman: The Dark Knight Strikes Again (The Dark Knight Saga, #2)","language_code":"eng","id":9290,"ratings_count":11065,"original_series":"The Dark Knight Saga","authors":"Frank Miller, Lynn Varley","_id":"_zftXXEBdEU4aeo6Gdys"}