{"image":"https://s.gr-assets.com/assets/nophoto/book/111x148-bcc042a9c91a29c1d680899eff700a03.png","average_rating_rounded":4,"books_count":9,"original_title":"Sophie & Carter","image_medium":"https://s.gr-assets.com/assets/nophoto/book/111x148-bcc042a9c91a29c1d680899eff700a03.png","isbn":"1935089447","average_rating":3.83,"original_publication_year":2011,"title":"Sophie & Carter","language_code":"eng","id":9394,"ratings_count":11849,"original_series":"","authors":"Chelsea Fine","_id":"mDftXXEBdEU4aeo6Gdys"}