{"image":"https://s.gr-assets.com/assets/nophoto/book/111x148-bcc042a9c91a29c1d680899eff700a03.png","average_rating_rounded":4,"books_count":32,"original_title":"Deeper than Midnight","image_medium":"https://s.gr-assets.com/assets/nophoto/book/111x148-bcc042a9c91a29c1d680899eff700a03.png","isbn":"440246113","average_rating":4.29,"original_publication_year":2011,"title":"Deeper Than Midnight (Midnight Breed, #9)","language_code":"en-US","id":9414,"ratings_count":16679,"original_series":"Midnight Breed","authors":"Lara Adrian","_id":"gzftXXEBdEU4aeo6Gdys"}