{"image":"https://s.gr-assets.com/assets/nophoto/book/111x148-bcc042a9c91a29c1d680899eff700a03.png","average_rating_rounded":4,"books_count":7,"original_title":"Rumors of War (Children of the Promise, Vol 1)","image_medium":"https://s.gr-assets.com/assets/nophoto/book/111x148-bcc042a9c91a29c1d680899eff700a03.png","isbn":"1573451991","average_rating":4.25,"original_publication_year":1997,"title":"Rumors of War (Children of the Promise, #1)","language_code":"en-US","id":9443,"ratings_count":9995,"original_series":"Children of the Promise","authors":"Dean Hughes","_id":"ZjftXXEBdEU4aeo6Gdys"}