{"image":"https://images.gr-assets.com/books/1421108133l/21433251.jpg","average_rating_rounded":4,"books_count":6,"original_title":"Manga Classics: Les Misérables","image_medium":"https://images.gr-assets.com/books/1421108133m/21433251.jpg","isbn":"1927925169","average_rating":4.1,"original_publication_year":2014,"title":"Manga Classics: Les Misérables","language_code":"eng","id":9479,"ratings_count":6691,"original_series":"","authors":"Stacy King, SunNeko Lee, Crystal S. Chan, Victor Hugo","_id":"QjftXXEBdEU4aeo6Gdys"}