{"image":"https://images.gr-assets.com/books/1474922224l/280125.jpg","average_rating_rounded":4,"books_count":20,"original_title":"The Orc King","image_medium":"https://images.gr-assets.com/books/1474922224m/280125.jpg","isbn":"786943408","average_rating":4.11,"original_publication_year":2007,"title":"The Orc King (Forgotten Realms: Transitions, #1; Legend of Drizzt, #17)","language_code":"en-US","id":9480,"ratings_count":9012,"original_series":"Forgotten Realms: Transitions","authors":"R.A. Salvatore","_id":"QDftXXEBdEU4aeo6Gdys"}