{"image":"https://s.gr-assets.com/assets/nophoto/book/111x148-bcc042a9c91a29c1d680899eff700a03.png","average_rating_rounded":4,"books_count":5,"original_title":"Just a Mess (Look-Look)","image_medium":"https://s.gr-assets.com/assets/nophoto/book/111x148-bcc042a9c91a29c1d680899eff700a03.png","isbn":"307119483","average_rating":4.23,"original_publication_year":1987,"title":"Just a Mess (Little Critter)","language_code":"eng","id":9496,"ratings_count":10772,"original_series":"Little Critter","authors":"Mercer Mayer","_id":"MDftXXEBdEU4aeo6Gdys"}