{"image":"https://images.gr-assets.com/books/1422084387l/3690427.jpg","average_rating_rounded":4,"books_count":20,"original_title":"Among the Mad","image_medium":"https://images.gr-assets.com/books/1422084387m/3690427.jpg","isbn":"1427206058","average_rating":4.1,"original_publication_year":2009,"title":"Among the Mad (Maisie Dobbs, #6)","language_code":"eng","id":9510,"ratings_count":11363,"original_series":"Maisie Dobbs","authors":"Jacqueline Winspear, Orlagh Cassidy","_id":"IDftXXEBdEU4aeo6Gdys"}