{"image":"https://images.gr-assets.com/books/1403544444l/21535784.jpg","average_rating_rounded":4,"books_count":42,"original_title":"The Cinderella Murder","image_medium":"https://images.gr-assets.com/books/1403544444m/21535784.jpg","isbn":"1476763127","average_rating":3.81,"original_publication_year":2014,"title":"The Cinderella Murder (Under Suspicion, #2)","language_code":"eng","id":9547,"ratings_count":8641,"original_series":"Under Suspicion","authors":"Mary Higgins Clark, Alafair Burke","_id":"_TftXXEBdEU4aeo6Gdus"}