{"image":"https://s.gr-assets.com/assets/nophoto/book/111x148-bcc042a9c91a29c1d680899eff700a03.png","average_rating_rounded":4,"books_count":22,"original_title":"The Mane Event","image_medium":"https://s.gr-assets.com/assets/nophoto/book/111x148-bcc042a9c91a29c1d680899eff700a03.png","isbn":"758220367","average_rating":3.96,"original_publication_year":2007,"title":"The Mane Event (Pride, #1)","language_code":"eng","id":9603,"ratings_count":17968,"original_series":"Pride","authors":"Shelly Laurenston","_id":"xDftXXEBdEU4aeo6Gdus"}