{"image":"https://s.gr-assets.com/assets/nophoto/book/111x148-bcc042a9c91a29c1d680899eff700a03.png","average_rating_rounded":4,"books_count":15,"original_title":"Snowflake Bentley (Caldecott Medal Book)","image_medium":"https://s.gr-assets.com/assets/nophoto/book/111x148-bcc042a9c91a29c1d680899eff700a03.png","isbn":"395861624","average_rating":4.16,"original_publication_year":1998,"title":"Snowflake Bentley","language_code":"en-US","id":9615,"ratings_count":11362,"original_series":"","authors":"Jacqueline Briggs Martin, Mary Azarian","_id":"tzftXXEBdEU4aeo6Gdus"}