{"image":"https://s.gr-assets.com/assets/nophoto/book/111x148-bcc042a9c91a29c1d680899eff700a03.png","average_rating_rounded":4,"books_count":34,"original_title":"Daisy Fay and the Miracle Man","image_medium":"https://s.gr-assets.com/assets/nophoto/book/111x148-bcc042a9c91a29c1d680899eff700a03.png","isbn":"345485602","average_rating":3.94,"original_publication_year":1981,"title":"Daisy Fay and the Miracle Man","language_code":"eng","id":9639,"ratings_count":10292,"original_series":"","authors":"Fannie Flagg","_id":"njftXXEBdEU4aeo6Gdus"}