{"image":"https://images.gr-assets.com/books/1290459336l/9440324.jpg","average_rating_rounded":4,"books_count":80,"original_title":"El palacio de la medianoche","image_medium":"https://images.gr-assets.com/books/1290459336m/9440324.jpg","isbn":"316044733","average_rating":3.58,"original_publication_year":1998,"title":"The Midnight Palace (Niebla, #2)","language_code":"","id":9654,"ratings_count":7784,"original_series":"Niebla","authors":"Carlos Ruiz Zafón, Lucia Graves","_id":"jjftXXEBdEU4aeo6Gdus"}