{"image":"https://images.gr-assets.com/books/1351035223l/16031679.jpg","average_rating_rounded":4,"books_count":20,"original_title":"Tempting the Player","image_medium":"https://images.gr-assets.com/books/1351035223m/16031679.jpg","isbn":"1622668995","average_rating":4.06,"original_publication_year":2012,"title":"Tempting the Player (Gamble Brothers, #2)","language_code":"","id":9678,"ratings_count":16997,"original_series":"Gamble Brothers","authors":"J. Lynn, Jennifer L. Armentrout","_id":"dDftXXEBdEU4aeo6Gdus"}