{"image":"https://s.gr-assets.com/assets/nophoto/book/111x148-bcc042a9c91a29c1d680899eff700a03.png","average_rating_rounded":4,"books_count":83,"original_title":"The World Is Flat: A Brief History of the Twenty-first Century","image_medium":"https://s.gr-assets.com/assets/nophoto/book/111x148-bcc042a9c91a29c1d680899eff700a03.png","isbn":"374292795","average_rating":3.66,"original_publication_year":2005,"title":"The World Is Flat: A Brief History of the Twenty-first Century","language_code":"en-US","id":969,"ratings_count":78271,"original_series":"","authors":"Thomas L. Friedman","_id":"aDftXXEBdEU4aeo6Gdus"}