{"image":"https://images.gr-assets.com/books/1389962006l/104088.jpg","average_rating_rounded":4,"books_count":47,"original_title":"The Wandering Fire","image_medium":"https://images.gr-assets.com/books/1389962006m/104088.jpg","isbn":"451458265","average_rating":4.11,"original_publication_year":1986,"title":"The Wandering Fire (The Fionavar Tapestry, #2)","language_code":"en-US","id":9711,"ratings_count":11935,"original_series":"The Fionavar Tapestry","authors":"Guy Gavriel Kay","_id":"VDftXXEBdEU4aeo6Gdus"}