{"image":"https://s.gr-assets.com/assets/nophoto/book/111x148-bcc042a9c91a29c1d680899eff700a03.png","average_rating_rounded":4,"books_count":6,"original_title":"In a People House","image_medium":"https://s.gr-assets.com/assets/nophoto/book/111x148-bcc042a9c91a29c1d680899eff700a03.png","isbn":"394823958","average_rating":4.13,"original_publication_year":1972,"title":"In a People House","language_code":"eng","id":9746,"ratings_count":11977,"original_series":"","authors":"Dr. Seuss, Theo LeSieg, Roy McKie","_id":"LjftXXEBdEU4aeo6Gdus"}