{"image":"https://images.gr-assets.com/books/1398199578l/20575440.jpg","average_rating_rounded":4,"books_count":28,"original_title":"Deep Down Dark: The Untold Stories of 33 Men Buried in a Chilean Mine, and the Miracle That Set Them Free","image_medium":"https://images.gr-assets.com/books/1398199578m/20575440.jpg","isbn":"374280606","average_rating":3.9,"original_publication_year":2014,"title":"Deep Down Dark: The Untold Stories of 33 Men Buried in a Chilean Mine, and the Miracle That Set Them Free","language_code":"eng","id":9750,"ratings_count":6123,"original_series":"","authors":"Héctor Tobar","_id":"KTftXXEBdEU4aeo6Gdus"}