{"image":"https://images.gr-assets.com/books/1351778881l/5060378.jpg","average_rating_rounded":4,"books_count":209,"original_title":"Flickan som lekte med elden","image_medium":"https://images.gr-assets.com/books/1351778881m/5060378.jpg","isbn":"307269981","average_rating":4.22,"original_publication_year":2006,"title":"The Girl Who Played with Fire (Millennium, #2)","language_code":"eng","id":98,"ratings_count":563994,"original_series":"Millennium","authors":"Stieg Larsson, Reg Keeland","_id":"-zftXXEBdEU4aeo6Gdqs"}