{"image":"https://images.gr-assets.com/books/1327008722l/513207.jpg","average_rating_rounded":4,"books_count":22,"original_title":"Star Wars: The Jedi Academy Trilogy, Volume III - Champions of the Force","image_medium":"https://images.gr-assets.com/books/1327008722m/513207.jpg","isbn":"055329802X","average_rating":3.67,"original_publication_year":1994,"title":"Champions of the Force (Star Wars: The Jedi Academy Trilogy, #3)","language_code":"eng","id":9814,"ratings_count":10605,"original_series":"Star Wars: The Jedi Academy Trilogy","authors":"Kevin J. Anderson","_id":"7TftXXEBdEU4aeo6Gdqs"}