{"image":"https://s.gr-assets.com/assets/nophoto/book/111x148-bcc042a9c91a29c1d680899eff700a03.png","average_rating_rounded":4,"books_count":115,"original_title":"The Girl Who Loved Tom Gordon","image_medium":"https://s.gr-assets.com/assets/nophoto/book/111x148-bcc042a9c91a29c1d680899eff700a03.png","isbn":"1416524290","average_rating":3.56,"original_publication_year":1999,"title":"The Girl Who Loved Tom Gordon","language_code":"","id":986,"ratings_count":95768,"original_series":"","authors":"Stephen King","_id":"wjftXXEBdEU4aeo6Gdqs"}