{"image":"https://s.gr-assets.com/assets/nophoto/book/111x148-bcc042a9c91a29c1d680899eff700a03.png","average_rating_rounded":4,"books_count":53,"original_title":"Locked On","image_medium":"https://s.gr-assets.com/assets/nophoto/book/111x148-bcc042a9c91a29c1d680899eff700a03.png","isbn":"039915731X","average_rating":3.99,"original_publication_year":2011,"title":"Locked On (Jack Ryan Universe, #14)","language_code":"eng","id":9879,"ratings_count":7974,"original_series":"Jack Ryan Universe","authors":"Tom Clancy, Mark Greaney","_id":"sDftXXEBdEU4aeo6Gdqs"}