{"image":"https://s.gr-assets.com/assets/nophoto/book/111x148-bcc042a9c91a29c1d680899eff700a03.png","average_rating_rounded":4,"books_count":60,"original_title":"Rework","image_medium":"https://s.gr-assets.com/assets/nophoto/book/111x148-bcc042a9c91a29c1d680899eff700a03.png","isbn":"307463745","average_rating":3.93,"original_publication_year":2010,"title":"Rework","language_code":"eng","id":990,"ratings_count":88626,"original_series":"","authors":"Jason Fried, David Heinemeier Hansson","_id":"mTftXXEBdEU4aeo6Gdqs"}