{"image":"https://images.gr-assets.com/books/1416398307l/1087207.jpg","average_rating_rounded":4,"books_count":16,"original_title":"桜蘭高校ホスト部 4","image_medium":"https://images.gr-assets.com/books/1416398307m/1087207.jpg","isbn":"1421501929","average_rating":4.45,"original_publication_year":1999,"title":"Ouran High School Host Club, Vol. 4 (Ouran High School Host Club, #4)","language_code":"eng","id":9906,"ratings_count":11280,"original_series":"Ouran High School Host Club","authors":"Bisco Hatori","_id":"kjftXXEBdEU4aeo6Gdqs"}