{"image":"https://images.gr-assets.com/books/1321817832l/714380.jpg","average_rating_rounded":4,"books_count":28,"original_title":"The Discoverers: A History of Man's Search to Know His World and Himself","image_medium":"https://images.gr-assets.com/books/1321817832m/714380.jpg","isbn":"394726251","average_rating":4.12,"original_publication_year":1983,"title":"The Discoverers: A History of Man's Search to Know His World and Himself","language_code":"","id":9910,"ratings_count":9117,"original_series":"","authors":"Daniel J. Boorstin","_id":"jTftXXEBdEU4aeo6Gdqs"}