{"image":"https://s.gr-assets.com/assets/nophoto/book/111x148-bcc042a9c91a29c1d680899eff700a03.png","average_rating_rounded":4,"books_count":76,"original_title":"The Lollipop Shoes","image_medium":"https://s.gr-assets.com/assets/nophoto/book/111x148-bcc042a9c91a29c1d680899eff700a03.png","isbn":"61431621","average_rating":3.8,"original_publication_year":2007,"title":"The Girl with No Shadow (Chocolat, #2)","language_code":"en-US","id":9951,"ratings_count":8565,"original_series":"Chocolat","authors":"Joanne Harris","_id":"ZzftXXEBdEU4aeo6Gdqs"}